-- phpMyAdmin SQL Dump
-- version 5.2.1
-- https://www.phpmyadmin.net/
--
-- Host: 127.0.0.1
-- Generation Time: Jun 21, 2024 at 08:56 AM
-- Server version: 10.4.28-MariaDB
-- PHP Version: 8.2.4

SET SQL_MODE = "NO_AUTO_VALUE_ON_ZERO";
START TRANSACTION;
SET time_zone = "+00:00";


/*!40101 SET @OLD_CHARACTER_SET_CLIENT=@@CHARACTER_SET_CLIENT */;
/*!40101 SET @OLD_CHARACTER_SET_RESULTS=@@CHARACTER_SET_RESULTS */;
/*!40101 SET @OLD_COLLATION_CONNECTION=@@COLLATION_CONNECTION */;
/*!40101 SET NAMES utf8mb4 */;

--
-- Database: `huhudb`
--

DELIMITER $$
--
-- Procedures
--
CREATE DEFINER=`root`@`localhost` PROCEDURE `simpleproc` ()   BEGIN
  SELECT * FROM user;
END$$

CREATE DEFINER=`root`@`localhost` PROCEDURE `whilePP` ()  DETERMINISTIC BEGIN
    DECLARE i INT DEFAULT 1;

    WHILE i <= 10 DO
        SELECT * FROM benutzer WHERE id = 0;
        SET i = i + 1;
    END WHILE;
END$$

--
-- Functions
--
CREATE DEFINER=`root`@`localhost` FUNCTION `add_func2` (`a` INT, `b` INT) RETURNS INT(11)  BEGIN
    RETURN a + b;
END$$

CREATE DEFINER=`root`@`localhost` FUNCTION `add_func3` (`a` INT, `b` INT) RETURNS INT(11)  BEGIN
    RETURN a + b;
END$$

DELIMITER ;

-- --------------------------------------------------------

--
-- Table structure for table `benutzer`
--

CREATE TABLE `benutzer` (
  `id` int(11) NOT NULL,
  `username` varchar(50) NOT NULL,
  `vorname` varchar(50) NOT NULL,
  `nachname` varchar(50) NOT NULL,
  `email` varchar(255) NOT NULL,
  `telefon` bigint(15) NOT NULL,
  `profil_foto` varchar(255) DEFAULT NULL,
  `bio` text DEFAULT NULL,
  `klasse_id` int(11) NOT NULL
) ENGINE=InnoDB DEFAULT CHARSET=utf8mb4 COLLATE=utf8mb4_general_ci;

--
-- Dumping data for table `benutzer`
--

INSERT INTO `benutzer` (`id`, `username`, `vorname`, `nachname`, `email`, `telefon`, `profil_foto`, `bio`, `klasse_id`) VALUES
(1, 'emacnamee0', 'Gwenaëlle', 'MacNamee', 'nmacnamee0@earthlink.net', 3665668559, NULL, 'vitae ipsum aliquam non mauris morbi non lectus aliquam sit amet diam in', 0),
(2, 'emacnamee0', 'Gwenaëlle', 'MacNamee', 'nmacnamee0@earthlink.net', 3665668559, NULL, 'vitae ipsum aliquam non mauris morbi non lectus aliquam sit amet diam in', 0),
(3, 'swillans1', 'Anaël', 'Willans', 'twillans1@netlog.com', 1176546717, NULL, NULL, 0),
(4, 'hcastel2', 'Loïca', 'Castel', 'scastel2@theguardian.com', 1772772726, NULL, NULL, 0),
(5, 'anoton3', 'Léa', 'Noton', 'snoton3@howstuffworks.com', 7823080055, '$2a$04$sY17.JsZthRiOvPVf7GDVepA5jrpzhT5hGZ36pMuc/mOl/vO2X0uq', NULL, 0),
(6, 'rkarpe4', 'Vénus', 'Karpe', 'jkarpe4@discuz.net', 6541942107, NULL, NULL, 0),
(7, 'kwadman5', 'Bérénice', 'Wadman', 'ewadman5@plala.or.jp', 8599319330, '$2a$04$lTpK/5LFaHnYGfgTCg8bBuPqnZPWPmjEwOuHu8tPY4ZPFBRA9dNxa', 'in felis eu sapien cursus vestibulum proin eu mi nulla ac', 0),
(8, 'idoud6', 'Anaïs', 'Doud', 'mdoud6@imdb.com', 6368543953, NULL, 'ante nulla justo aliquam quis turpis eget elit sodales scelerisque mauris sit amet eros suspendisse accumsan tortor', 0),
(9, 'smagor7', 'Jú', 'Magor', 'pmagor7@surveymonkey.com', 6455015709, '$2a$04$o2E84.3nBD2VIPdhZGuRguI/0Sy74aJ8sQOfcUhwPIqCS83dGVjqu', NULL, 0),
(10, 'rwigin8', 'Aí', 'Wigin', 'swigin8@house.gov', 1803815419, NULL, 'maecenas pulvinar lobortis est phasellus sit amet erat nulla tempus vivamus', 0),
(11, 'ccosti9', 'Maëlyss', 'Costi', 'rcosti9@harvard.edu', 2749130182, '$2a$04$LgPHv34Pefaxtp5jJPsVtujnaoqqLyF8tBQJsKzkgKsR0M.bWnck2', NULL, 0),
(12, 'sthompkinsa', 'Andréa', 'Thompkins', 'bthompkinsa@blogtalkradio.com', 5493980485, NULL, NULL, 0),
(13, 'pnaisbyb', 'Athéna', 'Naisby', 'hnaisbyb@jiathis.com', 2261914451, NULL, 'duis bibendum morbi non quam nec dui luctus rutrum nulla tellus in sagittis dui vel nisl duis ac nibh', 0),
(14, 'jfulleylovec', 'Léone', 'Fulleylove', 'ffulleylovec@japanpost.jp', 6482152050, '$2a$04$VBxcywgG6a/kqAbwcPqmy.Ja9OsOkTxLTHdmTZCJz.ssvIKyDBcPC', NULL, 0),
(15, 'sflemyngd', 'Kévina', 'Flemyng', 'sflemyngd@plala.or.jp', 1834327658, NULL, 'amet erat nulla tempus vivamus in felis eu sapien cursus vestibulum proin eu mi nulla ac', 0),
(16, 'ibevingtone', 'Cloé', 'Bevington', 'vbevingtone@pbs.org', 9343298642, '$2a$04$IPWIUpmr.Rveu2Wjm/xptuqsNoP.eO9ymxbLnQcr31hZGMCNnM8Iu', 'nec dui luctus rutrum nulla tellus in sagittis dui vel nisl duis ac nibh fusce', 0),
(17, 'pargravef', 'Méthode', 'Argrave', 'aargravef@economist.com', 4877596179, NULL, NULL, 0),
(18, 'cchasemooreg', 'Laïla', 'Chasemoore', 'achasemooreg@joomla.org', 2861565454, '$2a$04$bbE.ziuf4sOKivT2FnGSG.Sxn5uYqKjsI9Dnu4.VQwhLgI7aSujPa', 'posuere cubilia curae donec pharetra magna vestibulum aliquet ultrices erat tortor sollicitudin mi sit amet', 0),
(19, 'tnorcliffh', 'Marie-ève', 'Norcliff', 'snorcliffh@salon.com', 6849638527, NULL, NULL, 0),
(20, 'acouzensi', 'Clémence', 'Couzens', 'kcouzensi@people.com.cn', 8991953106, NULL, NULL, 0),
(21, 'cmcphailj', 'Angèle', 'McPhail', 'qmcphailj@bing.com', 3302466979, NULL, NULL, 0),
(22, 'cripponk', 'Réservés', 'Rippon', 'jripponk@sakura.ne.jp', 7038442518, '$2a$04$RXYk4fbScRTRFXn.2Qmdg.C8fTihLV7GKbyEGB25JASlgJbOmUSWG', 'scelerisque quam turpis adipiscing lorem vitae mattis nibh ligula nec sem duis aliquam convallis nunc proin at', 0),
(23, 'smantonl', 'Gaïa', 'Manton', 'kmantonl@xrea.com', 7361582548, NULL, NULL, 0),
(24, 'ceylesm', 'Maïwenn', 'Eyles', 'veylesm@nasa.gov', 1634791368, '$2a$04$og6LqxeBs/ddr0ekM8zQwOfidoDRl9s6xaarG9/TK1E./I7CQ9kXG', NULL, 0),
(25, 'cdagostinin', 'Méline', 'D\'Agostini', 'edagostinin@ihg.com', 3639678785, '$2a$04$R45FLpiamvBjBUDVOzTkp.a5g30Dz4m9K1ditmlNjuNxNT7gf62a.', 'erat vestibulum sed magna at nunc commodo placerat praesent blandit nam nulla integer pede justo lacinia eget tincidunt', 0),
(26, 'rmcqueeno', 'Stévina', 'Mc Queen', 'amcqueeno@forbes.com', 3101897117, NULL, 'accumsan tortor quis turpis sed ante vivamus tortor duis mattis egestas metus aenean fermentum donec ut mauris eget', 0),
(27, 'lbaldaccop', 'Liè', 'Baldacco', 'bbaldaccop@yellowbook.com', 2433705867, NULL, NULL, 0),
(28, 'jbauchopq', 'Uò', 'Bauchop', 'kbauchopq@macromedia.com', 3447836297, '$2a$04$dnWguYSlUcZKAKQ1NbZJAukM.Sbdup0prCh1Yqx35glfZsW2lWX6e', NULL, 0),
(29, 'sstillmanr', 'Yénora', 'Stillman', 'kstillmanr@springer.com', 7151214462, '$2a$04$3xknsRs6SQrTU1BMHdaqi.vphrLxuD.hLSRX.m1Az3j7a6yWnW3Bu', NULL, 0),
(30, 'pkibbles', 'Maëlla', 'Kibble', 'mkibbles@usnews.com', 7393044581, '$2a$04$sjWsswcatFMVpDYhHT3apehJPv7WfOYg3sNGg.60o84VgG1QrcRXm', 'vestibulum sit amet cursus id turpis integer aliquet massa id lobortis convallis tortor risus', 0),
(31, 'ldanihelt', 'Mélia', 'Danihel', 'rdanihelt@xrea.com', 9795080054, NULL, NULL, 0),
(32, 'dingamellsu', 'Josée', 'Ingamells', 'lingamellsu@sogou.com', 4306676985, '$2a$04$A2yK1.0wReO52mNaJYbe2.W62LWS0oF1.TTTq3SXr/7WKIqL3LtBO', 'sapien arcu sed augue aliquam erat volutpat in congue etiam justo etiam pretium iaculis justo in hac habitasse platea dictumst', 0),
(33, 'baberdeinv', 'Gaëlle', 'Aberdein', 'jaberdeinv@google.nl', 9587283702, NULL, NULL, 0),
(34, 'jproudlockw', 'Styrbjörn', 'Proudlock', 'vproudlockw@slate.com', 6508292508, NULL, 'nullam varius nulla facilisi cras non velit nec nisi vulputate nonummy maecenas tincidunt lacus at velit vivamus', 0),
(35, 'kvittlex', 'Göran', 'Vittle', 'jvittlex@wiley.com', 9327632016, '$2a$04$mchm1Eu3Ai6vvtiE/RxwL.IXCoFi0bO1ryECXf1kPdDaA4jXeRFye', NULL, 0),
(36, 'cbrowelly', 'Faîtes', 'Browell', 'cbrowelly@telegraph.co.uk', 9564206612, '$2a$04$4sNdWrtkhv9UsAY5qxzla.6q51/ukRkjQo3bhi7x1x7PsQuiqENga', 'id ligula suspendisse ornare consequat lectus in est risus auctor sed tristique in tempus sit', 0),
(37, 'mwillsonz', 'Dafnée', 'Willson', 'cwillsonz@bigcartel.com', 6197078845, NULL, NULL, 0),
(38, 'cgooley10', 'Zoé', 'Gooley', 'hgooley10@t-online.de', 9623438385, NULL, 'mauris ullamcorper purus sit amet nulla quisque arcu libero rutrum', 0),
(39, 'strudgian11', 'Léane', 'Trudgian', 'atrudgian11@omniture.com', 1044329797, '$2a$04$QX07eGC54zqA.KxllHx6fu83PxLDQNgxF3eO3F8HW8h1aIniO7Yke', NULL, 0),
(40, 'dtowler12', 'Thérèse', 'Towler', 'ltowler12@wp.com', 5443873552, NULL, 'sed lacus morbi sem mauris laoreet ut rhoncus aliquet pulvinar', 0),
(41, 'mbarbrook13', 'Lài', 'Barbrook', 'nbarbrook13@sbwire.com', 7663006586, NULL, 'nibh quisque id justo sit amet sapien dignissim vestibulum vestibulum ante ipsum primis in faucibus', 0),
(42, 'rbhar14', 'Nadège', 'Bhar', 'ebhar14@posterous.com', 2932089479, NULL, 'mollis molestie lorem quisque ut erat curabitur gravida nisi at', 0),
(43, 'zlintill15', 'Noémie', 'Lintill', 'jlintill15@biblegateway.com', 3127942184, '$2a$04$TddRTkrTcLYtxZRHBQSIouOl2d7PT5d8K7FdjbBrsfL9WTJlpeTk6', 'vel lectus in quam fringilla rhoncus mauris enim leo rhoncus sed vestibulum sit amet cursus id turpis integer', 0),
(44, 'msudlow16', 'Océanne', 'Sudlow', 'ssudlow16@noaa.gov', 3079879149, '$2a$04$J/nPzo7meZGpY2ODKPkwQOaMECiq/yK8Twolvgmu9WKaL/ERjLI1O', NULL, 0),
(45, 'belsie17', 'Örjan', 'Elsie', 'aelsie17@sbwire.com', 6886357179, NULL, 'egestas metus aenean fermentum donec ut mauris eget massa tempor', 0),
(46, 'wruffey18', 'Yè', 'Ruffey', 'hruffey18@eepurl.com', 2563814813, '$2a$04$8Ck34F5yAh2K.DQNwYp.puh/MahMhWBLvAdMV8dJpyogDaf.USOM2', NULL, 0),
(47, 'mrodd19', 'Néhémie', 'Rodd', 'grodd19@last.fm', 7582908196, NULL, 'sem duis aliquam convallis nunc proin at turpis a pede posuere nonummy', 0),
(48, 'gguyonnet1a', 'Erwéi', 'Guyonnet', 'aguyonnet1a@flavors.me', 6608282919, NULL, 'non interdum in ante vestibulum ante ipsum primis in faucibus orci luctus et ultrices posuere cubilia curae', 0),
(49, 'bkinzett1b', 'Méng', 'Kinzett', 'mkinzett1b@opensource.org', 9153880708, '$2a$04$0wo4dwZpwwuyiDw0ohGbSOXc3JAH02i21XZt0NKX4uRBxcVxd2yqW', NULL, 0),
(50, 'clabrum1c', 'Kévina', 'Labrum', 'alabrum1c@ucoz.com', 8489122431, NULL, 'vel ipsum praesent blandit lacinia erat vestibulum sed magna at nunc commodo placerat praesent blandit', 0),
(51, 'clewsy1d', 'Léane', 'Lewsy', 'clewsy1d@sciencedaily.com', 4696320485, NULL, NULL, 0),
(52, 'kemmitt1e', 'Faîtes', 'Emmitt', 'bemmitt1e@telegraph.co.uk', 7836413631, '$2a$04$Y.PWP8yRiKWTx9YPTCAvXO/NUIBlKe.OP.6U9mtwjd/wVnYQ2GQym', NULL, 0),
(53, 'tnell1f', 'Mélia', 'Nell', 'anell1f@rambler.ru', 8707553736, NULL, NULL, 0),
(54, 'zhymor1g', 'Clémentine', 'Hymor', 'thymor1g@usatoday.com', 6597562933, '$2a$04$RTIkgqvSMvp7N0u9CsRyQuxy.jgUHj.lNUShy3Y.l1ZJyHCw291Fa', NULL, 0),
(55, 'grubert1h', 'Alizée', 'Rubert', 'erubert1h@privacy.gov.au', 3595408820, NULL, 'semper sapien a libero nam dui proin leo odio porttitor id consequat in consequat', 0),
(56, 'abeamond1i', 'Publicité', 'Beamond', 'rbeamond1i@seesaa.net', 3927179202, NULL, 'pretium iaculis justo in hac habitasse platea dictumst etiam faucibus cursus urna ut', 0),
(57, 'ssheddan1j', 'Bérengère', 'Sheddan', 'dsheddan1j@tuttocitta.it', 7973985072, '$2a$04$101e6GtNVZXvGT725yxnRufvNiZv4BGcqgJR5M/9zh1M/zv.z97/y', 'quis libero nullam sit amet turpis elementum ligula vehicula consequat morbi a ipsum', 0),
(58, 'ssleightholme1k', 'Garçon', 'Sleightholme', 'ksleightholme1k@mit.edu', 1019604049, '$2a$04$t88qKmbX.7lD4wDs5/h3ZuNsJAGXF7X04ibIAO2vC7Ulbh/p.zkm6', NULL, 0),
(59, 'nsanthouse1l', 'Maïté', 'Santhouse', 'bsanthouse1l@hubpages.com', 7909023957, NULL, 'aliquet maecenas leo odio condimentum id luctus nec molestie sed justo pellentesque viverra pede ac diam cras', 0),
(60, 'hbuttrick1m', 'Mahélie', 'Buttrick', 'dbuttrick1m@spiegel.de', 1072833751, '$2a$04$WOm6efDZnChV7s9zaPyvpeYwrSgsQCS/UElvEpkZnAhegqpVxe3oC', 'enim in tempor turpis nec euismod scelerisque quam turpis adipiscing lorem vitae mattis nibh ligula', 0),
(61, 'acrosscombe1n', 'Illustrée', 'Crosscombe', 'rcrosscombe1n@archive.org', 6709952985, NULL, NULL, 0),
(62, 'tmacwilliam1o', 'Märta', 'MacWilliam', 'hmacwilliam1o@myspace.com', 2927590615, NULL, NULL, 0),
(63, 'hstalman1p', 'Léana', 'Stalman', 'astalman1p@pbs.org', 8817181789, '$2a$04$5zxBBIWZBzJK1dCrS7BQAuYUfgKIwNWikXcdD9V6hrX87hkFLzXtC', 'cras mi pede malesuada in imperdiet et commodo vulputate justo in blandit ultrices enim', 0),
(64, 'nmyring1q', 'Dà', 'Myring', 'nmyring1q@smugmug.com', 5994216411, '$2a$04$XkCmTUoYpEQvzhutJ1p0wOFxT66PHF3FTlWw0glSqVktWWAVCoXhm', 'ultrices posuere cubilia curae mauris viverra diam vitae quam suspendisse potenti nullam', 0),
(65, 'vfrandsen1r', 'Gaétane', 'Frandsen', 'ffrandsen1r@ftc.gov', 4021288016, NULL, NULL, 0),
(66, 'jlevesque1s', 'Sòng', 'Levesque', 'clevesque1s@businessweek.com', 4333169429, NULL, NULL, 0),
(67, 'ofishbourn1t', 'Ruì', 'Fishbourn', 'gfishbourn1t@mapquest.com', 7818694466, NULL, NULL, 0),
(68, 'sburgott1u', 'Cunégonde', 'Burgott', 'rburgott1u@europa.eu', 3617806365, NULL, NULL, 0),
(69, 'grobarts1v', 'Marie-noël', 'Robarts', 'crobarts1v@hugedomains.com', 2626081084, NULL, NULL, 0),
(70, 'dpine1w', 'Irène', 'Pine', 'epine1w@springer.com', 5733724383, NULL, 'morbi odio odio elementum eu interdum eu tincidunt in leo maecenas', 0),
(71, 'aadame1x', 'Liè', 'Adame', 'wadame1x@miibeian.gov.cn', 4505099448, '$2a$04$3LHTf3eQ5DY.kNVNR8XoXuZtuJUGNAlKQJLaEk0o8yMKZ4nNhEoFy', NULL, 0),
(72, 'rreely1y', 'Anaël', 'Reely', 'creely1y@moonfruit.com', 5394356837, NULL, NULL, 0),
(73, 'agreiswood1z', 'Esbjörn', 'Greiswood', 'agreiswood1z@cbslocal.com', 8592286901, NULL, NULL, 0),
(74, 'clemarchant20', 'Yóu', 'Le Marchant', 'nlemarchant20@blinklist.com', 2657664556, NULL, 'luctus et ultrices posuere cubilia curae donec pharetra magna vestibulum aliquet ultrices erat tortor', 0),
(75, 'twillford21', 'Séverine', 'Willford', 'mwillford21@goo.ne.jp', 2471834223, NULL, NULL, 0),
(76, 'esterrick22', 'Naëlle', 'Sterrick', 'asterrick22@lulu.com', 3437681340, NULL, NULL, 0),
(77, 'tcorinton23', 'Håkan', 'Corinton', 'gcorinton23@europa.eu', 6853298501, NULL, NULL, 0),
(78, 'ctruelove24', 'Alizée', 'Truelove', 'ttruelove24@tinypic.com', 3764798015, NULL, 'hendrerit at vulputate vitae nisl aenean lectus pellentesque eget nunc donec quis orci eget orci', 0),
(79, 'lchelnam25', 'Irène', 'Chelnam', 'dchelnam25@unc.edu', 5937275908, NULL, NULL, 0),
(80, 'cdovidian26', 'Aimée', 'Dovidian', 'hdovidian26@cbc.ca', 1673796112, NULL, 'mi pede malesuada in imperdiet et commodo vulputate justo in blandit ultrices enim lorem ipsum dolor sit amet consectetuer adipiscing', 0),
(81, 'tprigg27', 'Yóu', 'Prigg', 'aprigg27@domainmarket.com', 3384573049, '$2a$04$FC/a5XBsXiF8NZhza0rktOhemvRROcDVVxWAmPuq5VzI4QLRf/jpu', NULL, 0),
(82, 'kcasterot28', 'Léana', 'Casterot', 'tcasterot28@pcworld.com', 4315017656, NULL, 'semper est quam pharetra magna ac consequat metus sapien ut nunc vestibulum ante ipsum primis in faucibus orci luctus et', 0),
(83, 'bhess29', 'Bérénice', 'Hess', 'mhess29@ox.ac.uk', 8951726150, NULL, NULL, 0),
(84, 'vdagostini2a', 'Maï', 'D\'Agostini', 'edagostini2a@discuz.net', 4364589390, NULL, NULL, 0),
(85, 'awaything2b', 'Méghane', 'Waything', 'pwaything2b@slideshare.net', 8563318365, '$2a$04$R192O4ufQGkzZv.s0LLopOjzyXPGoV5ZaQ6VbgVwEt55KjUk1/cxW', NULL, 0),
(86, 'aeytel2c', 'Bérénice', 'Eytel', 'seytel2c@google.es', 3222263985, '$2a$04$q9LlvRYt4jdlnqWEBMye3eN/x8E1US0LSwnm04MfNaDBpVPCL/oBi', NULL, 0),
(87, 'jbeedie2d', 'Clémentine', 'Beedie', 'ebeedie2d@com.com', 5044939259, NULL, 'gravida sem praesent id massa id nisl venenatis lacinia aenean sit amet justo morbi ut', 0),
(88, 'dcrossgrove2e', 'Stéphanie', 'Crossgrove', 'acrossgrove2e@etsy.com', 4403760539, NULL, 'dui vel nisl duis ac nibh fusce lacus purus aliquet at', 0),
(89, 'bsearby2f', 'Joséphine', 'Searby', 'msearby2f@de.vu', 1728721901, NULL, NULL, 0),
(90, 'nellsom2g', 'Anaël', 'Ellsom', 'lellsom2g@yandex.ru', 5704902288, '$2a$04$bJigzFTcsd2pew7MKp481e78D7IwpH1xYP8NsdYVeqEPd7G9IVSyy', NULL, 0),
(91, 'mbootman2h', 'Örjan', 'Bootman', 'mbootman2h@jalbum.net', 7326997254, NULL, NULL, 0),
(92, 'mdarco2i', 'Océanne', 'Darco', 'rdarco2i@abc.net.au', 4122705580, NULL, NULL, 0),
(93, 'cperel2j', 'Maéna', 'Perel', 'cperel2j@yale.edu', 8145041845, NULL, 'vestibulum ante ipsum primis in faucibus orci luctus et ultrices posuere cubilia curae mauris viverra', 0),
(94, 'cnayer2k', 'Andréanne', 'Nayer', 'gnayer2k@time.com', 1814567043, '$2a$04$ga.XEstC.Lh9PVrc4SmM8umiZtLnJ02jAQG5z57V90I2Crwk8U41C', 'posuere nonummy integer non velit donec diam neque vestibulum eget vulputate ut ultrices vel augue vestibulum ante ipsum primis in', 0),
(95, 'mgoadby2l', 'Måns', 'Goadby', 'cgoadby2l@feedburner.com', 3129594979, '$2a$04$JlFQUW2f14uwO/oXjAvsG.MqLiZeZCsHqYGUbwN1MuZtTPHnOISFm', 'arcu adipiscing molestie hendrerit at vulputate vitae nisl aenean lectus pellentesque eget nunc donec quis orci eget', 0),
(96, 'mandrini2m', 'Adélaïde', 'Andrini', 'bandrini2m@wisc.edu', 3648833616, '$2a$04$Q5qK/MXQaAEbiwgoY5vR2eVBd.ZlSIoLES3O.L/sKpqSpddZw2Wt6', NULL, 0),
(97, 'kbellerby2n', 'Hélène', 'Bellerby', 'jbellerby2n@flickr.com', 8897856678, NULL, NULL, 0),
(98, 'ahakewell2o', 'Mélanie', 'Hakewell', 'vhakewell2o@scribd.com', 6469365099, NULL, 'eleifend donec ut dolor morbi vel lectus in quam fringilla', 0),
(99, 'hcorless2p', 'Céline', 'Corless', 'tcorless2p@hud.gov', 6041113724, NULL, NULL, 0),
(100, 'sdahmel2q', 'Loïc', 'Dahmel', 'gdahmel2q@amazon.de', 9859371497, NULL, NULL, 0),
(101, 'mfewkes2r', 'Lèi', 'Fewkes', 'gfewkes2r@jiathis.com', 1845788910, '$2a$04$wfpWFhJC7wzget0j71s82eDaWcqkjPVWJTQb6XkaHXTlR3pX/KHWi', NULL, 0),
(102, 'aandriesse2s', 'Lucrèce', 'Andriesse', 'eandriesse2s@deviantart.com', 8205629562, NULL, 'vel ipsum praesent blandit lacinia erat vestibulum sed magna at nunc commodo', 0),
(103, 'cscotchford2t', 'Renée', 'Scotchford', 'ascotchford2t@topsy.com', 8786219664, NULL, NULL, 0),
(104, 'flusher2u', 'Gaëlle', 'Lusher', 'klusher2u@seesaa.net', 9345237225, NULL, NULL, 0),
(105, 'rturpie2v', 'Loïc', 'Turpie', 'mturpie2v@photobucket.com', 2156020866, NULL, NULL, 0),
(106, 'fmcginny2w', 'Lóng', 'McGinny', 'smcginny2w@github.com', 9789439366, NULL, NULL, 0),
(107, 'abosch2x', 'Mélanie', 'Bosch', 'jbosch2x@sun.com', 3792327404, NULL, NULL, 0),
(108, 'djouhning2y', 'Jú', 'Jouhning', 'ajouhning2y@infoseek.co.jp', 8597615525, '$2a$04$4MM8CFUOz6N2H.ts5luJCujYbZzdSEYzZgElGPZSFXD6tkaS9qPx2', NULL, 0),
(109, 'bstratford2z', 'Gösta', 'Stratford', 'rstratford2z@de.vu', 9064348884, NULL, NULL, 0),
(110, 'bhatton30', 'Félicie', 'Hatton', 'mhatton30@tripod.com', 7962618282, '$2a$04$WrpukelJib9u/aJP4YpaY.BV6Cldn0RcL1pVQIYTksgHhKkfb.gMS', 'erat id mauris vulputate elementum nullam varius nulla facilisi cras', 0),
(111, 'btakle31', 'Loïc', 'Takle', 'mtakle31@shinystat.com', 8087375605, NULL, NULL, 0),
(112, 'ffallows32', 'Tán', 'Fallows', 'jfallows32@sciencedaily.com', 7972878796, '$2a$04$Ol2aHy2XKAsmn2PWAcX6UeSaWyhXKdg7CgayMgrb58FVzEtRNIFsO', 'morbi vestibulum velit id pretium iaculis diam erat fermentum justo nec condimentum neque sapien', 0),
(113, 'rsember33', 'Frédérique', 'Sember', 'ksember33@fastcompany.com', 6404222164, '$2a$04$AW6sGgT/q5O8ISEEbAll4.LGtJj1UppftOrIB.14AGnGJG4E0.8Nu', NULL, 0),
(114, 'jmoorhouse34', 'Lorène', 'Moorhouse', 'amoorhouse34@pen.io', 6409398390, '$2a$04$dWLbgtqtTrBsBZ2/7k6kOeWhzkDmXHmuO326YusS7q9IFglGxQAOC', NULL, 0),
(115, 'ldalling35', 'Börje', 'Dalling', 'gdalling35@prnewswire.com', 3726321274, '$2a$04$5hh9IdD85s1j7HbrQeIDselkL7MDYjxJz3uyGV5DM/eqxDJaL9vQm', NULL, 0),
(116, 'roswick36', 'Clémence', 'Oswick', 'doswick36@businessinsider.com', 9316784539, '$2a$04$xCJJbfDnUy5tDCqstDVsA.gt9Zsx0zosOJS/gzBzW48lX.1dPZTWi', 'praesent blandit nam nulla integer pede justo lacinia eget tincidunt eget tempus vel pede morbi porttitor lorem id ligula', 0),
(117, 'jfrome37', 'Ruò', 'Frome', 'mfrome37@wikimedia.org', 2375890255, NULL, NULL, 0),
(118, 'fbeddall38', 'Åsa', 'Beddall', 'dbeddall38@upenn.edu', 6427296473, '$2a$04$IBmrv2X/YQEq4zOw3xsuieAWYgn7JfGkMqCN4KFcOyeQNFn/nTKLq', NULL, 0),
(119, 'mmaypes39', 'Andréanne', 'Maypes', 'cmaypes39@cpanel.net', 7862238953, '$2a$04$iKDE1B8iwDM8ZJ9IdFiY5uhEy0elnx5H4EM/bmHX5Qskk.TpEkWha', 'nulla tellus in sagittis dui vel nisl duis ac nibh fusce lacus purus aliquet at feugiat non pretium quis lectus', 0),
(120, 'gliveley3a', 'Médiamass', 'Liveley', 'hliveley3a@mlb.com', 4768019881, NULL, NULL, 0),
(121, 'gberrigan3b', 'Dù', 'Berrigan', 'gberrigan3b@yale.edu', 5571039720, NULL, 'venenatis non sodales sed tincidunt eu felis fusce posuere felis sed lacus morbi', 0),
(122, 'lseally3c', 'Maëlyss', 'Seally', 'kseally3c@yahoo.com', 8034844460, NULL, NULL, 0),
(123, 'rpott3d', 'Yóu', 'Pott', 'rpott3d@miitbeian.gov.cn', 5009830236, NULL, NULL, 0),
(124, 'neliassen3e', 'Lyséa', 'Eliassen', 'aeliassen3e@wired.com', 1996764873, '$2a$04$LnXapouBnlIYDEb8sbK2Z.R2UkTNkj2grrh..6RM3yEgoOj48LSAO', NULL, 0),
(125, 'iwane3f', 'Camélia', 'Wane', 'awane3f@a8.net', 2314357770, NULL, NULL, 0),
(126, 'msuch3g', 'Mårten', 'Such', 'esuch3g@networkadvertising.org', 9121136743, NULL, NULL, 0),
(127, 'colooney3h', 'Anaëlle', 'O\'Looney', 'molooney3h@mysql.com', 8343494590, NULL, NULL, 0),
(128, 'fwilber3i', 'Annotée', 'Wilber', 'owilber3i@businessinsider.com', 4389442605, '$2a$04$xoNCR.mFw8WHzdtfzhuoD.RPFTmgrNoDoj5AMJYlAq4JTCAPSRqXe', 'vivamus vestibulum sagittis sapien cum sociis natoque penatibus et magnis dis parturient montes nascetur ridiculus mus', 0),
(129, 'lhartlebury3j', 'Rachèle', 'Hartlebury', 'rhartlebury3j@reference.com', 5029131312, NULL, 'id ornare imperdiet sapien urna pretium nisl ut volutpat sapien arcu sed augue aliquam erat volutpat', 0),
(130, 'aelmes3k', 'Salomé', 'Elmes', 'yelmes3k@shutterfly.com', 5451591621, NULL, NULL, 0),
(131, 'kmourge3l', 'Mélanie', 'Mourge', 'rmourge3l@vistaprint.com', 8123655568, NULL, NULL, 0),
(132, 'wbridger3m', 'Uò', 'Bridger', 'mbridger3m@sourceforge.net', 8903793997, '$2a$04$dUL.fprf1qiIGiGjFIMs.ucN.krElTgtGzBxNUDn5Xbqammgt.FFO', NULL, 0),
(133, 'cbaudesson3n', 'Dorothée', 'Baudesson', 'lbaudesson3n@gizmodo.com', 8643664695, NULL, NULL, 0),
(134, 'putridge3o', 'Mélodie', 'Utridge', 'mutridge3o@typepad.com', 6266059043, NULL, 'at vulputate vitae nisl aenean lectus pellentesque eget nunc donec quis orci', 0),
(135, 'ldaws3p', 'Mélia', 'Daws', 'vdaws3p@loc.gov', 4272284310, '$2a$04$IzwrN75GEonwhkJSztNBgOfxCFawN4iSvdDjUIMpZqNVJtDfU/ZIi', 'elementum eu interdum eu tincidunt in leo maecenas pulvinar lobortis est phasellus sit amet erat nulla tempus', 0),
(136, 'afenne3q', 'Yénora', 'Fenne', 'mfenne3q@slate.com', 7263542117, NULL, 'ut at dolor quis odio consequat varius integer ac leo', 0),
(137, 'btubritt3r', 'Lauréna', 'Tubritt', 'mtubritt3r@bing.com', 3803363144, '$2a$04$pQZ9O1cx3rtUdKH7K4fOde4BKDmOnKUxxgZvT1udxK9iVhrlGD3kS', 'posuere nonummy integer non velit donec diam neque vestibulum eget vulputate ut ultrices', 0),
(138, 'abeauchamp3s', 'Torbjörn', 'Beauchamp', 'lbeauchamp3s@altervista.org', 7528384368, '$2a$04$rZszE8V9xnuCI0zLxpA2Te3AweOpnSuF4H0DPT5cklleSEAN778L.', 'posuere metus vitae ipsum aliquam non mauris morbi non lectus aliquam sit amet diam', 0),
(139, 'fthal3t', 'Torbjörn', 'Thal', 'bthal3t@csmonitor.com', 5356439512, NULL, NULL, 0),
(140, 'cferschke3u', 'Maëlla', 'Ferschke', 'pferschke3u@reverbnation.com', 7703379035, NULL, NULL, 0),
(141, 'ocuseick3v', 'Marie-hélène', 'Cuseick', 'pcuseick3v@xinhuanet.com', 4956919312, NULL, NULL, 0),
(142, 'alemarchant3w', 'Sòng', 'Le Marchant', 'blemarchant3w@cbsnews.com', 3765328735, NULL, NULL, 0),
(143, 'tchansonnau3x', 'Mårten', 'Chansonnau', 'bchansonnau3x@amazonaws.com', 4843260956, '$2a$04$BuSkq1jR21FL2ngRG.b9TuHRj2mH2HsYx5Txc4bGx6r8KnUVjMF3O', 'eros suspendisse accumsan tortor quis turpis sed ante vivamus tortor duis mattis egestas metus aenean fermentum', 0),
(144, 'csconce3y', 'Mårten', 'Sconce', 'asconce3y@ning.com', 8685464482, NULL, 'sed justo pellentesque viverra pede ac diam cras pellentesque volutpat dui maecenas tristique est et tempus semper', 0),
(145, 'twillisch3z', 'Lài', 'Willisch', 'ewillisch3z@hostgator.com', 9079879192, '$2a$04$SC1yirjAcDp6mNP79eiZg.JmFOjO/XcihkjFUGJQVbZ51TgAoMPF2', 'sapien arcu sed augue aliquam erat volutpat in congue etiam justo etiam pretium iaculis justo', 0),
(146, 'fnormington40', 'Desirée', 'Normington', 'pnormington40@e-recht24.de', 9824633225, NULL, NULL, 0),
(147, 'sholborn41', 'Marie-josée', 'Holborn', 'cholborn41@umich.edu', 6172030927, '$2a$04$iU85gYZDhxASBtugm4KZkeFzoJ.qC3h3DdrDtp8SYfSNSncedI2Ui', 'mi pede malesuada in imperdiet et commodo vulputate justo in blandit', 0),
(148, 'rakram42', 'Séverine', 'Akram', 'jakram42@digg.com', 5418871577, '$2a$04$5VRJR0Ek6N8Va3rdeL9g0eBiEuTEuheXd/bCnXMYl.FaDLbi1E/AO', NULL, 0),
(149, 'zedgler43', 'Célia', 'Edgler', 'ledgler43@rediff.com', 6047072130, NULL, NULL, 0),
(150, 'lbeaudry44', 'Östen', 'Beaudry', 'ibeaudry44@etsy.com', 4208419213, '$2a$04$OkinflnZI/HHI9jrUyWbAO9xKYI6CvEfiwDUGm8BY3koWlJQOcMh6', 'ante ipsum primis in faucibus orci luctus et ultrices posuere cubilia curae mauris viverra diam vitae quam suspendisse', 0),
(151, 'bbethune45', 'Lucrèce', 'Bethune', 'abethune45@twitpic.com', 8703597545, NULL, NULL, 0),
(152, 'durwin46', 'Chloé', 'Urwin', 'jurwin46@timesonline.co.uk', 7939320052, '$2a$04$pIM/tU.TqbwcYpx0HOl7s.nSRBXr6wbdOj3QN8vr/de3Ce8BzzXde', NULL, 0),
(153, 'mgimber47', 'Mégane', 'Gimber', 'lgimber47@fda.gov', 5566530017, NULL, 'ac diam cras pellentesque volutpat dui maecenas tristique est et tempus semper est', 0),
(154, 'lkayley48', 'Réjane', 'Kayley', 'mkayley48@devhub.com', 7955803237, '$2a$04$WeSIXAmUGKXTSnVp9XD6He8KB.PIoQZeJVuMgBL0e/GVBL0Ecx5aq', NULL, 0),
(155, 'jbapty49', 'Lyséa', 'Bapty', 'abapty49@hexun.com', 8313751777, '$2a$04$20BwFNdd2Cap8dB8aVHzZ.UsLXuP6Sd7UVdqydNwgqH5/ROn0uTn.', 'nam nulla integer pede justo lacinia eget tincidunt eget tempus vel pede morbi porttitor lorem id ligula', 0),
(156, 'ecoolican4a', 'Mélissandre', 'Coolican', 'ucoolican4a@hibu.com', 3375818673, '$2a$04$hzW/0bo7vYb76GeVOduSRuYzvmNYuAed7zH1onQF/hr3DCu1OOV.u', NULL, 0),
(157, 'jpalffrey4b', 'Kuí', 'Palffrey', 'cpalffrey4b@buzzfeed.com', 3277486620, '$2a$04$b928tcMXINXIWDyTqfDep.Kyn2k1rmlSCQeF54Nv7tmkqBNogXqxu', NULL, 0),
(158, 'kbramah4c', 'Björn', 'Bramah', 'mbramah4c@bloomberg.com', 7284551194, NULL, 'ac consequat metus sapien ut nunc vestibulum ante ipsum primis in faucibus orci luctus et', 0),
(159, 'rlampaert4d', 'Garçon', 'Lampaert', 'llampaert4d@mysql.com', 3426863622, NULL, NULL, 0),
(160, 'imcilhagga4e', 'Almérinda', 'McIlhagga', 'lmcilhagga4e@flavors.me', 1134849888, NULL, 'sociis natoque penatibus et magnis dis parturient montes nascetur ridiculus mus', 0),
(161, 'bpalmar4f', 'Ruò', 'Palmar', 'zpalmar4f@umich.edu', 2005325315, NULL, NULL, 0),
(162, 'sgrannell4g', 'Aimée', 'Grannell', 'rgrannell4g@gravatar.com', 5998226464, '$2a$04$BRq5DVt6ou8sDf3gCQXVseVmyZALTwY.TxBXHTj4ctMdpaaFxO2sW', 'accumsan tortor quis turpis sed ante vivamus tortor duis mattis egestas metus aenean fermentum donec ut mauris eget', 0),
(163, 'scoleridge4h', 'Görel', 'Coleridge', 'kcoleridge4h@telegraph.co.uk', 6821950216, NULL, 'auctor sed tristique in tempus sit amet sem fusce consequat nulla nisl nunc nisl duis bibendum', 0),
(164, 'nashall4i', 'Andréanne', 'Ashall', 'sashall4i@trellian.com', 5074060439, NULL, 'ultrices mattis odio donec vitae nisi nam ultrices libero non mattis pulvinar nulla pede ullamcorper augue a suscipit nulla elit', 0),
(165, 'wcarolan4j', 'Bérangère', 'Carolan', 'fcarolan4j@cmu.edu', 9563838348, NULL, NULL, 0),
(166, 'mdemerida4k', 'Méline', 'de Merida', 'fdemerida4k@google.de', 2064389261, NULL, 'at ipsum ac tellus semper interdum mauris ullamcorper purus sit amet nulla quisque', 0),
(167, 'sbeenham4l', 'Clémence', 'Beenham', 'jbeenham4l@weather.com', 4351865563, '$2a$04$4wKohGJCe4RuG4xEaT0dKuopJE6rIO5.3i/mTd.nJiW5Ng1ZRFm8C', NULL, 0),
(168, 'chowick4m', 'Thérèse', 'Howick', 'jhowick4m@un.org', 3043613191, '$2a$04$oQwFMsSMMvm8yNeYNERCH.ENxX9jveNQ0HJkqLg7UmFzb/rvITSFG', NULL, 0),
(169, 'anoades4n', 'Irène', 'Noades', 'mnoades4n@creativecommons.org', 3149216294, '$2a$04$tWk1inH9NPi4wqi5Dy/GdeXyFeeLK6TLbrMAa7HTFhIYoumEGjPPK', 'congue elementum in hac habitasse platea dictumst morbi vestibulum velit id pretium iaculis diam erat', 0),
(170, 'mdearness4o', 'Lài', 'Dearness', 'mdearness4o@businessweek.com', 5856410622, NULL, 'consectetuer adipiscing elit proin interdum mauris non ligula pellentesque ultrices phasellus id sapien in sapien iaculis congue vivamus metus', 0),
(171, 'nhoundsom4p', 'Marie-françoise', 'Houndsom', 'phoundsom4p@fc2.com', 6627240625, '$2a$04$XMONioTp7kqo3/NqksCyduPDkWWjBbDo6La11L7SwbCG7ADGkqWRC', 'scelerisque quam turpis adipiscing lorem vitae mattis nibh ligula nec sem duis aliquam convallis nunc proin at turpis', 0),
(172, 'nedgerley4q', 'Léonore', 'Edgerley', 'nedgerley4q@opensource.org', 3639938860, NULL, 'nullam sit amet turpis elementum ligula vehicula consequat morbi a ipsum integer a nibh in quis', 0),
(173, 'gmart4r', 'Océane', 'Mart', 'dmart4r@moonfruit.com', 2374346981, NULL, NULL, 0),
(174, 'npero4s', 'Bérangère', 'Pero', 'rpero4s@ucsd.edu', 7958138760, '$2a$04$RzQypV7CEdNkPvSS1vyBuOQGL4sHMBohOUvIyN0pqBbjiG7TbihIC', 'orci mauris lacinia sapien quis libero nullam sit amet turpis elementum', 0),
(175, 'kmacdwyer4t', 'Maïté', 'MacDwyer', 'pmacdwyer4t@taobao.com', 9343665786, '$2a$04$bpAVA4a2l3154xmfaxc/e.eJI0k82z6KgHmgdcIq/hpX92803Sbyu', NULL, 0),
(176, 'elelliott4u', 'Rachèle', 'Lelliott', 'llelliott4u@liveinternet.ru', 8264982547, NULL, NULL, 0),
(177, 'afattorini4v', 'Marylène', 'Fattorini', 'ofattorini4v@istockphoto.com', 3573517335, NULL, NULL, 0),
(178, 'pmeasom4w', 'Méghane', 'Measom', 'jmeasom4w@domainmarket.com', 2556622426, '$2a$04$oLfM9J05d.ZPwOzqAta4mOzw6B0IEmRavGifFEjQFGPUXsKgXeHVq', NULL, 0),
(179, 'rcorradini4x', 'Andréa', 'Corradini', 'ccorradini4x@wsj.com', 3223576344, NULL, NULL, 0),
(180, 'tbuttler4y', 'Marlène', 'Buttler', 'lbuttler4y@google.com', 2965681977, '$2a$04$hLTSOpZHKD7xUq5P6zovjekG3dbzuyBx7Dj951LiBeWUbcEs5bzJu', NULL, 0),
(181, 'mbotcherby4z', 'Andrée', 'Botcherby', 'gbotcherby4z@sciencedaily.com', 2743791381, NULL, NULL, 0),
(182, 'blankham50', 'Liè', 'Lankham', 'mlankham50@ted.com', 3395970668, NULL, NULL, 0),
(183, 'wlevison51', 'Françoise', 'Levison', 'glevison51@bloglovin.com', 7851465126, NULL, NULL, 0),
(184, 'gsuddell52', 'Mélinda', 'Suddell', 'gsuddell52@wix.com', 6297147100, NULL, NULL, 0),
(185, 'torbon53', 'Adélaïde', 'Orbon', 'horbon53@nationalgeographic.com', 1064536672, '$2a$04$Yj87geae8OK92vFRQHM.b.oqL0y/chi/hyy78ZVv1lIQEsgRkIatO', NULL, 0),
(186, 'gchurn54', 'Lóng', 'Churn', 'lchurn54@unc.edu', 2108062511, '$2a$04$.eO7uY6.IuyKr0lGq1QEZudmPNBROe9RSGMOkRLAedHPv4myIVUje', 'dictumst etiam faucibus cursus urna ut tellus nulla ut erat id mauris vulputate elementum nullam varius nulla facilisi cras', 0),
(187, 'pbice55', 'Joséphine', 'Bice', 'sbice55@eventbrite.com', 7575586506, NULL, NULL, 0),
(188, 'gchilds56', 'Örjan', 'Childs', 'jchilds56@webmd.com', 9876853051, '$2a$04$UnLtUp0bQJsWvV8.lTdObeX0cftqVpG1SanRQmmADF1EYG9yw50Qi', 'montes nascetur ridiculus mus vivamus vestibulum sagittis sapien cum sociis natoque penatibus et magnis dis parturient montes', 0),
(189, 'fbatchellor57', 'Styrbjörn', 'Batchellor', 'gbatchellor57@pinterest.com', 5887527672, NULL, 'ut ultrices vel augue vestibulum ante ipsum primis in faucibus orci', 0),
(190, 'jplumm58', 'Irène', 'Plumm', 'mplumm58@nationalgeographic.com', 7346685168, NULL, NULL, 0),
(191, 'gmclaine59', 'Anaël', 'McLaine', 'emclaine59@unesco.org', 4499113021, NULL, 'primis in faucibus orci luctus et ultrices posuere cubilia curae donec pharetra', 0),
(192, 'lmealham5a', 'Desirée', 'Mealham', 'rmealham5a@merriam-webster.com', 2976847592, '$2a$04$3P8KpFIj8YcpEdZ0p3/ah.1Q/SiMuEy.wIhv3siBhd8ZqjToxfUGC', NULL, 0),
(193, 'fcouroy5b', 'Geneviève', 'Couroy', 'scouroy5b@hubpages.com', 1942842237, '$2a$04$AfpCKQNSpnqgC0h9ngPYBuO14GSGWnbB7jyB3Y4C/zUkmSoX/tBAe', NULL, 0),
(194, 'asommerlie5c', 'Inès', 'Sommerlie', 'vsommerlie5c@sciencedirect.com', 5308626393, NULL, NULL, 0),
(195, 'chefforde5d', 'Lauréna', 'Hefforde', 'ihefforde5d@sogou.com', 7148933267, '$2a$04$MIiaD1NmaxShCOS548zLGeHFYIRVcB4gqbsN3Lf2IYgVOCn94JEEW', 'nec condimentum neque sapien placerat ante nulla justo aliquam quis turpis eget elit sodales', 0),
(196, 'dandries5e', 'Maëlyss', 'Andries', 'sandries5e@loc.gov', 1472197030, '$2a$04$PW4pnjIGHZ4qLkwz2CzGs.nBXxWHxNdLkrlgJRlyfPKkas1KDOu16', NULL, 0),
(197, 'nhexum5f', 'Miléna', 'Hexum', 'ahexum5f@webeden.co.uk', 9099170763, '$2a$04$atPaUUIFzPQL2OLgfQIz5e.PhKx7/1ij3Kto2ecyJxVVvMo.QN3jS', NULL, 0),
(198, 'jjansik5g', 'Salomé', 'Jansik', 'rjansik5g@time.com', 9608753558, NULL, NULL, 0),
(199, 'fredgrave5h', 'Nuó', 'Redgrave', 'eredgrave5h@seesaa.net', 1954159194, NULL, NULL, 0),
(200, 'cforrestor5i', 'Cloé', 'Forrestor', 'fforrestor5i@dell.com', 6563165667, '$2a$04$OFBxbjRjfjTCHkxrOGR69e/rYFg3Qiq2TBf2uc8xySUcnIKwtOr36', NULL, 0),
(201, 'lcalbreath5j', 'Björn', 'Calbreath', 'ncalbreath5j@icio.us', 7224002834, '$2a$04$AmdHBbo6F.4A4iKU5rB61ega/aWekmYpGJr.5r84X/IRZGWFaoBXC', NULL, 0),
(202, 'ndukes5k', 'Håkan', 'Dukes', 'mdukes5k@columbia.edu', 3148705784, '$2a$04$rsBnjrnnOQXnZhwBIzTm8uZ/sJPtr0ZFiVhy8oekyTbCMwBhPuJk2', NULL, 0),
(203, 'mmcgrale5l', 'Audréanne', 'McGrale', 'bmcgrale5l@mapquest.com', 5679110167, '$2a$04$Grf7PTHCupO0hzF654TPeu3.BDEbg20Te/TaD5VYcRZt6QLfi4ASu', 'odio porttitor id consequat in consequat ut nulla sed accumsan felis ut at dolor quis odio consequat varius', 0),
(204, 'fserjeantson5m', 'Pélagie', 'Serjeantson', 'vserjeantson5m@virginia.edu', 8171965605, NULL, NULL, 0),
(205, 'idunk5n', 'Bécassine', 'Dunk', 'rdunk5n@ftc.gov', 6152940343, '$2a$04$RqBtOMYocDbC40468ScIlOSYIq8VQ7h8w9XPsDyBFy9bVBZfkniEi', 'erat quisque erat eros viverra eget congue eget semper rutrum', 0),
(206, 'gsneezum5o', 'Daphnée', 'Sneezum', 'lsneezum5o@vinaora.com', 3706263685, '$2a$04$UtrP/yFlfsXF0/URQotXTu5xLtcrrH0g0rQH0QTeV1IV2De.56nO.', NULL, 0),
(207, 'cloy5p', 'Agnès', 'Loy', 'bloy5p@earthlink.net', 2225761167, NULL, 'blandit lacinia erat vestibulum sed magna at nunc commodo placerat praesent blandit nam nulla', 0),
(208, 'fscopes5q', 'Marie-noël', 'Scopes', 'bscopes5q@360.cn', 2204841755, NULL, NULL, 0),
(209, 'gbarling5r', 'Bérénice', 'Barling', 'abarling5r@blinklist.com', 3602805559, NULL, NULL, 0),
(210, 'ewickman5s', 'Léonore', 'Wickman', 'cwickman5s@gov.uk', 4891334685, '$2a$04$cfLmu09d0AcE/sNMR4WFCewZJ9MHEh54jByrpm5rBkg3PBqv.m7Mq', NULL, 0),
(211, 'rvandevlies5t', 'Loïca', 'Van de Vlies', 'wvandevlies5t@i2i.jp', 3612778632, '$2a$04$KBQURd8eFs.XNI3aZESusO7K24j04NNy/9yhi7LbjD/awvbuk4iim', 'sit amet eros suspendisse accumsan tortor quis turpis sed ante vivamus tortor duis mattis egestas', 0),
(212, 'cdegan5u', 'Håkan', 'Degan', 'pdegan5u@oracle.com', 9316791675, NULL, NULL, 0),
(213, 'nhannan5v', 'Gisèle', 'Hannan', 'ahannan5v@rambler.ru', 5986166284, NULL, 'curae donec pharetra magna vestibulum aliquet ultrices erat tortor sollicitudin mi sit amet', 0),
(214, 'nlamming5w', 'Åslög', 'Lamming', 'alamming5w@eventbrite.com', 6498199917, NULL, NULL, 0),
(215, 'eschruyer5x', 'Léonore', 'Schruyer', 'aschruyer5x@jiathis.com', 1709094905, NULL, 'natoque penatibus et magnis dis parturient montes nascetur ridiculus mus etiam vel augue vestibulum rutrum', 0),
(216, 'tshreenan5y', 'Judicaël', 'Shreenan', 'bshreenan5y@newsvine.com', 9068927560, NULL, 'condimentum curabitur in libero ut massa volutpat convallis morbi odio odio elementum eu interdum eu tincidunt in leo maecenas pulvinar', 0),
(217, 'rduigenan5z', 'Aloïs', 'Duigenan', 'dduigenan5z@constantcontact.com', 6558889185, '$2a$04$cQd39pYED1hGQ9PStWm7OOZn7cmlyDckAVJLNJbWgO0dS74oVvFsm', NULL, 0),
(218, 'dgoldsworthy60', 'Néhémie', 'Goldsworthy', 'jgoldsworthy60@zdnet.com', 4475693843, NULL, NULL, 0),
(219, 'npatterfield61', 'Judicaël', 'Patterfield', 'rpatterfield61@nationalgeographic.com', 7215674526, '$2a$04$GwW0ojXcXkfOU9PtNlYfbeaesktW2KnfaeIaCRKdeUPoTqRE8ELki', NULL, 0),
(220, 'mderl62', 'Ruì', 'Derl', 'ederl62@yelp.com', 6632326221, NULL, 'at turpis a pede posuere nonummy integer non velit donec diam neque vestibulum eget vulputate ut', 0),
(221, 'klangan63', 'Léa', 'Langan', 'klangan63@soup.io', 7614528628, '$2a$04$1TRiBU4ONp5kZOvY.c0DN.mJhhMJwuhxkCTP9jSeO0HN.ejiHuuQi', 'aliquet massa id lobortis convallis tortor risus dapibus augue vel accumsan tellus nisi eu orci mauris lacinia', 0),
(222, 'mickovicz64', 'Marie-hélène', 'Ickovicz', 'cickovicz64@meetup.com', 9073255004, NULL, 'nibh ligula nec sem duis aliquam convallis nunc proin at turpis a pede posuere nonummy', 0),
(223, 'gsouttar65', 'Loïc', 'Souttar', 'lsouttar65@ycombinator.com', 5788272218, NULL, NULL, 0),
(224, 'aaggis66', 'Mén', 'Aggis', 'taggis66@csmonitor.com', 3632290540, '$2a$04$n6n.n3/mXg27hEYAr/NxA.sug/IVMZ1CNguAa1fjhrckSt/KNxNX.', NULL, 0),
(225, 'sonions67', 'Crééz', 'Onions', 'ponions67@icq.com', 7919803816, NULL, 'platea dictumst morbi vestibulum velit id pretium iaculis diam erat fermentum justo nec condimentum neque sapien placerat ante', 0),
(226, 'imussettini68', 'Irène', 'Mussettini', 'amussettini68@youku.com', 6926365751, NULL, NULL, 0),
(227, 'kconstantine69', 'Méryl', 'Constantine', 'vconstantine69@biglobe.ne.jp', 2323295882, '$2a$04$pYKiaqA/doriMvzJrLTKpuu9OkoITRbK1hLQT5RB1FU2YRf3czfgS', NULL, 0),
(228, 'rspring6a', 'Marlène', 'Spring', 'cspring6a@dailymail.co.uk', 6639195872, NULL, NULL, 0),
(229, 'telliston6b', 'Erwéi', 'Elliston', 'aelliston6b@accuweather.com', 8824965025, NULL, NULL, 0),
(230, 'apoll6c', 'Valérie', 'Poll', 'apoll6c@tmall.com', 4488631304, NULL, NULL, 0),
(231, 'pschirok6d', 'Eloïse', 'Schirok', 'mschirok6d@discuz.net', 4272421196, '$2a$04$yOlmtr5GiVywUzZz3iKzYuOUdQLRqO3Fghyr5OT4.bzQpOxDSd4e6', NULL, 0),
(232, 'cgusney6e', 'Françoise', 'Gusney', 'agusney6e@canalblog.com', 7399191356, '$2a$04$HLfJop5CL18/jF6ZaPy/e..cUJrbRqLk/pFnWQOm1SPO2UvXb8qRO', NULL, 0),
(233, 'mredrup6f', 'Chloé', 'Redrup', 'lredrup6f@patch.com', 4659586187, NULL, NULL, 0),
(234, 'wkleiner6g', 'Salomé', 'Kleiner', 'dkleiner6g@berkeley.edu', 5452657804, NULL, NULL, 0),
(235, 'nsoftley6h', 'Ophélie', 'Softley', 'dsoftley6h@chronoengine.com', 4114925039, NULL, NULL, 0),
(236, 'kgoracci6i', 'Frédérique', 'Goracci', 'ggoracci6i@barnesandnoble.com', 9117929289, NULL, 'malesuada in imperdiet et commodo vulputate justo in blandit ultrices enim lorem ipsum dolor sit amet', 0),
(237, 'gcorre6j', 'Réjane', 'Corre', 'dcorre6j@ox.ac.uk', 7559750466, NULL, 'donec posuere metus vitae ipsum aliquam non mauris morbi non lectus aliquam sit amet diam in magna bibendum imperdiet nullam', 0),
(238, 'mfosse6k', 'Táng', 'Fosse', 'mfosse6k@google.ru', 9526513586, '$2a$04$ZkCpR64XGHgirRxK9fuDU.GbPO00i2rHHTvm5uXv47sknR.nHds4e', NULL, 0),
(239, 'kmantrup6l', 'Andréanne', 'Mantrup', 'nmantrup6l@skyrock.com', 9717462232, '$2a$04$/w/ovQ8QJInWy6xVJPSxBeGngEvIJT/sXhFyevtyOzYXOyvpXj7OG', 'pede lobortis ligula sit amet eleifend pede libero quis orci nullam molestie nibh in lectus pellentesque at nulla suspendisse', 0),
(240, 'chaydn6m', 'Clélia', 'Haydn', 'mhaydn6m@census.gov', 2768501629, NULL, NULL, 0),
(241, 'nhannabuss6n', 'Märta', 'Hannabuss', 'whannabuss6n@mapquest.com', 4967532192, '$2a$04$S8Fc2pE9ihIfBYg3PXfoaeHCeBiE7stZllz0YbAj/w7MLcFY.jb4q', NULL, 0),
(242, 'htremblet6o', 'Léone', 'Tremblet', 'rtremblet6o@diigo.com', 6448277568, '$2a$04$OmBDmdb3aBd3W567bVuhwenENxhc0aVWkmUAkG4bl2uo0LQadVgK6', NULL, 0),
(243, 'lbiaggioni6p', 'Åsa', 'Biaggioni', 'mbiaggioni6p@businessinsider.com', 6395308643, '$2a$04$sHvyg88VQWVZAV/CeuMIx.rFGkPl0WJrueSqy9qBYfz/7q3d3qy96', NULL, 0),
(244, 'bbubbear6q', 'Irène', 'Bubbear', 'gbubbear6q@huffingtonpost.com', 2277964987, '$2a$04$7ZXBTjUpfnQKbyIlAC205uh3poT2GqjEnrNC6YONMYJsIh8cgxyYW', 'pede ullamcorper augue a suscipit nulla elit ac nulla sed vel enim sit amet', 0),
(245, 'byuranovev6r', 'Björn', 'Yuranovev', 'pyuranovev6r@dedecms.com', 5271981749, '$2a$04$LVRI640OP8QExtNvDQm2kuaew2QmcwMp.7w2mi9QVR8emqFok68X.', 'vel accumsan tellus nisi eu orci mauris lacinia sapien quis libero nullam', 0),
(246, 'cpauly6s', 'Audréanne', 'Pauly', 'kpauly6s@epa.gov', 8807570033, NULL, 'a ipsum integer a nibh in quis justo maecenas rhoncus aliquam lacus morbi quis tortor id nulla', 0),
(247, 'asancho6t', 'Dà', 'Sancho', 'rsancho6t@people.com.cn', 3447870084, NULL, 'accumsan felis ut at dolor quis odio consequat varius integer ac leo pellentesque ultrices mattis odio donec', 0),
(248, 'achatteris6u', 'Esbjörn', 'Chatteris', 'hchatteris6u@angelfire.com', 5876621881, '$2a$04$nQYVhyDF1UNcL5h0AzxaA.uqNMG7u.FLDtWD1Zey6E8twHgWzpFgO', 'natoque penatibus et magnis dis parturient montes nascetur ridiculus mus vivamus vestibulum sagittis sapien cum', 0),
(249, 'tmooring6v', 'Maï', 'Mooring', 'emooring6v@constantcontact.com', 9724569623, '$2a$04$JdM41tTfCelT.N88NILEVe/rce9DMBbz9fCUZJfApKmDFe.0GF5Li', NULL, 0),
(250, 'mvashchenko6w', 'Anaé', 'Vashchenko', 'lvashchenko6w@deliciousdays.com', 5176897038, NULL, NULL, 0),
(251, 'mlodford6x', 'Réservés', 'Lodford', 'blodford6x@harvard.edu', 7425921694, '$2a$04$6UQw0xF6IRrwYyK9ru9g2.pzwhxivmy8t2msVqS1bDaRr1nDZJkR6', 'justo nec condimentum neque sapien placerat ante nulla justo aliquam quis', 0),
(252, 'mmichell6y', 'Yóu', 'Michell', 'cmichell6y@geocities.jp', 8709155182, NULL, 'duis bibendum felis sed interdum venenatis turpis enim blandit mi', 0),
(253, 'esnyder6z', 'Faîtes', 'Snyder', 'msnyder6z@freewebs.com', 1745520751, '$2a$04$pejadLDZfLfMvlZYrdvNm.7KZ.OiGc1jDGEDOR6.MuPuGfZey6tU6', NULL, 0),
(254, 'kjanacek70', 'Zhì', 'Janacek', 'pjanacek70@reddit.com', 2795341168, NULL, NULL, 0),
(255, 'lmilmith71', 'Mårten', 'Milmith', 'gmilmith71@cbsnews.com', 2318479461, '$2a$04$EngU2CYoFRITMi9gjMJTtuhxbJ6mRsMBGpPc/XFP7Sc4AmV0Y7KSW', 'hac habitasse platea dictumst aliquam augue quam sollicitudin vitae consectetuer eget rutrum at lorem', 0),
(256, 'jludy72', 'Lorène', 'Ludy', 'gludy72@baidu.com', 3964941639, NULL, NULL, 0),
(257, 'rbromilow73', 'Dà', 'Bromilow', 'obromilow73@t-online.de', 4933653587, NULL, NULL, 0),
(258, 'mmccool74', 'Bérangère', 'McCool', 'smccool74@bandcamp.com', 4071304705, NULL, NULL, 0),
(259, 'rfranz75', 'Börje', 'Franz', 'bfranz75@tuttocitta.it', 4696750771, '$2a$04$BW8IvZpYsdFzH41lz7J9eOGt0OwVwu/ymaVgDF3giQvjQ9dRWQRfe', NULL, 0),
(260, 'abartod76', 'Kévina', 'Bartod', 'sbartod76@redcross.org', 1499125573, NULL, NULL, 0),
(261, 'sohenery77', 'Esbjörn', 'O\'Henery', 'eohenery77@last.fm', 6271717996, '$2a$04$2.mx3wQvYZFQsdBDdonEGuokH4IC8pWUcjq92pgr9LWqfGr/wNKRW', NULL, 0),
(262, 'wbraunle78', 'Östen', 'Braunle', 'sbraunle78@merriam-webster.com', 8713200989, '$2a$04$RvdZFQUCMHpfugQPxtdj.eRETfAmSFoKKnVwRmTDxlDBqbbbwpDJG', 'eu est congue elementum in hac habitasse platea dictumst morbi', 0),
(263, 'rgiacobilio79', 'Edmée', 'Giacobilio', 'tgiacobilio79@foxnews.com', 7131562243, NULL, 'ut mauris eget massa tempor convallis nulla neque libero convallis eget eleifend luctus ultricies eu nibh quisque id', 0),
(264, 'uhalpen7a', 'Maëlann', 'Halpen', 'shalpen7a@hubpages.com', 4579411666, NULL, NULL, 0),
(265, 'odevine7b', 'Maëly', 'Devine', 'mdevine7b@elpais.com', 2244828782, NULL, NULL, 0),
(266, 'tbartosik7c', 'Desirée', 'Bartosik', 'kbartosik7c@unesco.org', 1179348672, '$2a$04$5jvIzd6rxunJ6rkdz7Ljm.qfZjzDUpOX30Ws6WsJAYVmjkhsYqwZO', NULL, 0),
(267, 'jtranfield7d', 'Andréa', 'Tranfield', 'dtranfield7d@usnews.com', 7798021422, '$2a$04$dRqHR0ngkAoFY7WdkO8SzOjH5vo2N9SgZHJ8TLD0J2xZcQmS9f4Ji', 'et tempus semper est quam pharetra magna ac consequat metus sapien ut nunc vestibulum ante ipsum primis in faucibus', 0),
(268, 'epaskin7e', 'Styrbjörn', 'Paskin', 'vpaskin7e@shareasale.com', 8792920575, NULL, NULL, 0),
(269, 'cwebber7f', 'Personnalisée', 'Webber', 'dwebber7f@eventbrite.com', 3676252033, '$2a$04$2PHdOyTrMBT6fmFV.y5kbuPeJzWohFn0LTNmKHFKhGj9QT5CFAgYK', 'sapien cursus vestibulum proin eu mi nulla ac enim in tempor turpis nec', 0),
(270, 'gomarkey7g', 'Cloé', 'O\' Markey', 'homarkey7g@dyndns.org', 1255961026, NULL, 'pede ac diam cras pellentesque volutpat dui maecenas tristique est', 0),
(271, 'phanlin7h', 'Gaëlle', 'Hanlin', 'chanlin7h@unesco.org', 3824179415, NULL, NULL, 0),
(272, 'ndando7i', 'Maï', 'Dando', 'edando7i@pinterest.com', 3278595749, '$2a$04$oc6lE1ao1ssmzWw0X7vBtOYG7J6xLQUHq7.LKCyhuYLf9MQw23/VC', NULL, 0),
(273, 'ewalburn7j', 'Alizée', 'Walburn', 'jwalburn7j@usnews.com', 8059470201, NULL, 'tellus in sagittis dui vel nisl duis ac nibh fusce lacus purus', 0),
(274, 'aallebone7k', 'Angélique', 'Allebone', 'sallebone7k@yahoo.com', 6835059654, NULL, NULL, 0),
(275, 'bblumire7l', 'Pélagie', 'Blumire', 'cblumire7l@ftc.gov', 8313119508, NULL, NULL, 0),
(276, 'dackwood7m', 'Åsa', 'Ackwood', 'aackwood7m@cdc.gov', 5261660681, NULL, 'elementum eu interdum eu tincidunt in leo maecenas pulvinar lobortis est phasellus sit amet erat nulla tempus', 0),
(277, 'amcpake7n', 'Salomé', 'Mc Pake', 'smcpake7n@twitter.com', 5902646017, NULL, 'at velit eu est congue elementum in hac habitasse platea dictumst morbi vestibulum velit id', 0),
(278, 'kleynham7o', 'Håkan', 'Leynham', 'aleynham7o@weather.com', 8713620050, NULL, NULL, 0),
(279, 'cgreneham7p', 'Marie-hélène', 'Greneham', 'rgreneham7p@oracle.com', 5582883781, NULL, NULL, 0),
(280, 'ycorley7q', 'Léane', 'Corley', 'acorley7q@qq.com', 1315561771, '$2a$04$RwqGrvl/f/2y9w8YdQ75Yubbj6Kfs1Y2XPGv/yNZIYmkpOH8NIepi', 'elementum eu interdum eu tincidunt in leo maecenas pulvinar lobortis est phasellus sit', 0),
(281, 'kgubbin7r', 'Bécassine', 'Gubbin', 'dgubbin7r@ocn.ne.jp', 1763057693, NULL, 'lobortis est phasellus sit amet erat nulla tempus vivamus in felis eu sapien cursus vestibulum proin eu mi nulla ac', 0),
(282, 'gembling7s', 'Mélodie', 'Embling', 'jembling7s@ftc.gov', 8191921351, '$2a$04$f8JzEOYRdt2kg1xZXb9EBO4AykkChmhxNYb2nyCwLmjD2GUTFwagK', 'viverra dapibus nulla suscipit ligula in lacus curabitur at ipsum', 0),
(283, 'gbyforth7t', 'Maëlyss', 'Byforth', 'cbyforth7t@google.cn', 2586396105, NULL, 'mattis nibh ligula nec sem duis aliquam convallis nunc proin at turpis a pede posuere nonummy', 0),
(284, 'jmiskimmon7u', 'Annotée', 'Miskimmon', 'pmiskimmon7u@google.co.jp', 5537241697, NULL, 'venenatis lacinia aenean sit amet justo morbi ut odio cras mi pede malesuada in imperdiet et commodo vulputate justo in', 0),
(285, 'ftomasutti7v', 'Cloé', 'Tomasutti', 'btomasutti7v@google.com', 8554753390, '$2a$04$YqY0ISq4HioFiJ4.JKLHFelX4W7VXyer89rQ4ToUigyKqvl/zVUOG', NULL, 0),
(286, 'gpigram7w', 'Solène', 'Pigram', 'epigram7w@constantcontact.com', 1625402842, '$2a$04$O/yhzy9T1ABnHGnqjN5gL.ilUTOADcC6rL8vtFkTYhWlYSM08OWGy', NULL, 0),
(287, 'tprendergrast7x', 'Eléonore', 'Prendergrast', 'rprendergrast7x@1und1.de', 4393624843, '$2a$04$nEU0mOai2Bneo7ctHDCiFu6rGdO.uzS4.scU1MNq8MYL0eO00/tA2', NULL, 0),
(288, 'hgerwood7y', 'Garçon', 'Gerwood', 'agerwood7y@live.com', 1429679149, '$2a$04$PnFi25XJsbIl.lk/LZ1efuT6pGrYQ7/gtf3ofONkmmIRKG0s2QN6m', NULL, 0),
(289, 'sslack7z', 'Håkan', 'Slack', 'aslack7z@tmall.com', 7672103965, '$2a$04$4b6Jyi6DHNIWUcZe0m8YA.TfaSdpThmQSdOPtlkdu3XHWqos/weaW', NULL, 0),
(290, 'fhensmans80', 'Estève', 'Hensmans', 'ehensmans80@posterous.com', 9811971153, '$2a$04$VFCm5u18Bl.nDwN2KzID/OlLYOzgOv16Ah/8gddg5rwhPPTlp3lVe', NULL, 0),
(291, 'wgrisdale81', 'Régine', 'Grisdale', 'mgrisdale81@home.pl', 2091853404, NULL, NULL, 0),
(292, 'gdottridge82', 'Annotée', 'Dottridge', 'idottridge82@ebay.co.uk', 1452020369, NULL, NULL, 0),
(293, 'ferickson83', 'Daphnée', 'Erickson', 'jerickson83@wix.com', 4275102354, NULL, 'velit id pretium iaculis diam erat fermentum justo nec condimentum neque sapien placerat ante nulla justo aliquam', 0),
(294, 'bbumphries84', 'Yáo', 'Bumphries', 'dbumphries84@disqus.com', 9012851233, NULL, NULL, 0),
(295, 'jkinvan85', 'Maëlyss', 'Kinvan', 'dkinvan85@furl.net', 9137727584, '$2a$04$cyMCaUfAzUq8RxBmMmtEs.nofldbNhLM/jtxLs0h5Bjh.xhUQljki', NULL, 0),
(296, 'nbolgar86', 'Personnalisée', 'Bolgar', 'ebolgar86@marketwatch.com', 4506169594, NULL, 'id sapien in sapien iaculis congue vivamus metus arcu adipiscing molestie hendrerit at vulputate', 0),
(297, 'rbertlin87', 'Mélanie', 'Bertlin', 'gbertlin87@time.com', 1046028883, '$2a$04$kilEnFL7hl30t.NbYCg9g.3/i6QZuOQBoXEHH2SlWaajgHpHE8186', 'praesent blandit nam nulla integer pede justo lacinia eget tincidunt eget tempus vel pede', 0),
(298, 'ehansford88', 'Laurène', 'Hansford', 'rhansford88@vinaora.com', 6232778363, NULL, NULL, 0),
(299, 'cexcell89', 'Loïca', 'Excell', 'bexcell89@ca.gov', 5585699936, '$2a$04$OEKdlNbaACLAxvJ95iBALu.XCimd.A.UlZPuO5e8kOUxm/EwjCwsa', 'aliquam non mauris morbi non lectus aliquam sit amet diam in magna bibendum imperdiet nullam orci pede venenatis non sodales', 0),
(300, 'rtitcumb8a', 'Vérane', 'Titcumb', 'htitcumb8a@home.pl', 4255472845, NULL, 'sagittis dui vel nisl duis ac nibh fusce lacus purus aliquet at feugiat', 0),
(301, 'kcuttin8b', 'Yénora', 'Cuttin', 'vcuttin8b@desdev.cn', 8166409457, NULL, NULL, 0),
(302, 'nbezant8c', 'Uò', 'Bezant', 'lbezant8c@businesswire.com', 8982115568, '$2a$04$ieCMAG1wF0THP7GkgGIMIuDfFHAVyhq21tUI0DfVgujuMogPF8yRm', 'fermentum donec ut mauris eget massa tempor convallis nulla neque libero convallis eget eleifend luctus ultricies eu', 0),
(303, 'oannion8d', 'Naéva', 'Annion', 'cannion8d@meetup.com', 2029140009, NULL, NULL, 0),
(304, 'estubbes8e', 'Nélie', 'Stubbes', 'vstubbes8e@ycombinator.com', 4203029267, NULL, NULL, 0),
(305, 'ddewitt8f', 'Zhì', 'De Witt', 'jdewitt8f@pinterest.com', 3456888112, NULL, NULL, 0),
(306, 'hhembling8g', 'Wá', 'Hembling', 'khembling8g@t-online.de', 6227872171, NULL, NULL, 0),
(307, 'pgayne8h', 'Bérénice', 'Gayne', 'sgayne8h@unesco.org', 9568283027, '$2a$04$ZH9QZLP5bqqtsaalzDuWuOXNL1Qzsa5QPFUBBxZv3bgLxfRV6g0gW', 'nibh in hac habitasse platea dictumst aliquam augue quam sollicitudin vitae consectetuer eget rutrum at lorem', 0),
(308, 'mgarbert8i', 'Audréanne', 'Garbert', 'sgarbert8i@reuters.com', 6134061601, NULL, NULL, 0),
(309, 'atither8j', 'Åsa', 'Tither', 'jtither8j@goodreads.com', 4876895281, '$2a$04$ZHtQ59EAejGuqQnKYiu74.pDVSQ/NAfDcyJ.7W7DPDTTc85uatjCy', 'cubilia curae duis faucibus accumsan odio curabitur convallis duis consequat dui nec nisi volutpat eleifend donec ut', 0),
(310, 'lhamal8k', 'Andrée', 'Hamal', 'chamal8k@goo.ne.jp', 3586391840, NULL, NULL, 0),
(311, 'amclugish8l', 'Miléna', 'McLugish', 'cmclugish8l@oaic.gov.au', 6895662591, NULL, NULL, 0),
(312, 'eibanez8m', 'Göran', 'Ibanez', 'mibanez8m@mozilla.org', 8711660717, '$2a$04$.WpG.fOouUjLVijafiRlUe0F1xhFqeI.ypFxR80/wgz7jGdN.9ySq', NULL, 0),
(313, 'hbendixen8n', 'Léone', 'Bendixen', 'rbendixen8n@cbsnews.com', 3105352582, '$2a$04$udDBkTPq4BTD7Qqxd.Ry5uKn/eOcjCDByTXU4TO0R9Lkw.LPBlBpO', NULL, 0),
(314, 'dsimnell8o', 'Ruò', 'Simnell', 'dsimnell8o@macromedia.com', 2552635930, '$2a$04$zejwpixyxdIUD35LevBEheYkTSue0VdJ65nR/cMSo9qtK4kSQbqjG', 'quis orci eget orci vehicula condimentum curabitur in libero ut massa volutpat convallis', 0),
(315, 'lcrippen8p', 'Åke', 'Crippen', 'scrippen8p@discovery.com', 2314334358, '$2a$04$v90POlvdhwhFXg963JDu4.XoNpae/gBOo.6.aNT5P1uexa2Nd47H6', NULL, 0),
(316, 'lfryd8q', 'Crééz', 'Fryd', 'mfryd8q@merriam-webster.com', 9261450259, NULL, NULL, 0),
(317, 'tsofe8r', 'Andrée', 'Sofe', 'lsofe8r@ca.gov', 4861254694, '$2a$04$GtoPNO2I9fZZ9e.Cpsho3uhB1gRhuldhl0q9lwPGlJLBBwU01EO8S', 'nisi eu orci mauris lacinia sapien quis libero nullam sit amet turpis elementum ligula vehicula consequat morbi a ipsum', 0),
(318, 'phutchinson8s', 'Séréna', 'Hutchinson', 'dhutchinson8s@xrea.com', 3012419398, NULL, NULL, 0),
(319, 'hedison8t', 'Zhì', 'Edison', 'tedison8t@usda.gov', 2176839722, '$2a$04$xVZu3MHdxp0JtmUD98HrNeyvif1wvaU5o0hGic/5sMZi4lxwew1qK', NULL, 0),
(320, 'tlynnett8u', 'Anaël', 'Lynnett', 'clynnett8u@elegantthemes.com', 2828072716, NULL, 'vestibulum proin eu mi nulla ac enim in tempor turpis nec euismod scelerisque', 0),
(321, 'dcarman8v', 'Illustrée', 'Carman', 'ncarman8v@4shared.com', 2589721975, '$2a$04$AzeFezCh7El0UH7oqE6pOeYQ8jzr2WxKrL8KyWI.kHd7rnwEM5.v6', NULL, 0),
(322, 'pjohnsee8w', 'Maëlann', 'Johnsee', 'cjohnsee8w@mapquest.com', 2562605254, '$2a$04$K1ij1FOeSYuwzX0DOPe6B.oi4P3Yaq6v53W/ZiLT4vTlxJzYbKnSC', 'enim in tempor turpis nec euismod scelerisque quam turpis adipiscing lorem vitae mattis nibh', 0),
(323, 'nbaudino8x', 'Marylène', 'Baudino', 'lbaudino8x@myspace.com', 6672320152, NULL, NULL, 0),
(324, 'igooke8y', 'Léandre', 'Gooke', 'wgooke8y@weather.com', 7209511589, '$2a$04$jXfAY1VpC.UwAHahWlSNm./uX01yqx0GZzjpDzGrDpOtV14DKd2Cq', 'sit amet sem fusce consequat nulla nisl nunc nisl duis bibendum', 0),
(325, 'dmcgeever8z', 'Maïlis', 'McGeever', 'dmcgeever8z@t-online.de', 9667018604, '$2a$04$dE672h4vs1ChjyZzHsLKbOYgQjDD6grCo6AuIKACsjheOmx4PbKZi', 'condimentum id luctus nec molestie sed justo pellentesque viverra pede ac diam', 0);
INSERT INTO `benutzer` (`id`, `username`, `vorname`, `nachname`, `email`, `telefon`, `profil_foto`, `bio`, `klasse_id`) VALUES
(326, 'jorcott90', 'Publicité', 'Orcott', 'jorcott90@dagondesign.com', 4889933646, '$2a$04$KPb78pGufN9Xde.6mRDeCO91vNsodnuU0G77ula37ZIQK102HTGt6', 'quis justo maecenas rhoncus aliquam lacus morbi quis tortor id nulla ultrices aliquet maecenas leo odio', 0),
(327, 'jhatrey91', 'Renée', 'Hatrey', 'bhatrey91@sogou.com', 7945347584, '$2a$04$TmjkffNehDeC3hEi07YWROhKhYT2VmLb6PfX.ZZKLpd.zk.vrBgom', NULL, 0),
(328, 'oorbon92', 'Lauréna', 'Orbon', 'oorbon92@mayoclinic.com', 6914744875, NULL, NULL, 0),
(329, 'etocque93', 'Renée', 'Tocque', 'htocque93@sitemeter.com', 7346976283, '$2a$04$y6xF/Bfv1Wi/DdgclCmfgu7tET/JP.P8CRrYWkuGD4aXELLj3QAq6', 'sociis natoque penatibus et magnis dis parturient montes nascetur ridiculus mus vivamus vestibulum sagittis sapien cum sociis natoque penatibus', 0),
(330, 'jsmillie94', 'Léa', 'Smillie', 'ismillie94@xing.com', 8293195745, '$2a$04$JpkrWVNsp6hZEC5D6KcOj.XKR7UkKvQsKswu6VZXmn4chdNVROu4u', NULL, 0),
(331, 'bmcfadin95', 'Méghane', 'McFadin', 'jmcfadin95@sohu.com', 3081236822, NULL, NULL, 0),
(332, 'mthurborn96', 'Lorène', 'Thurborn', 'cthurborn96@ucla.edu', 1711081544, '$2a$04$F/ajhDKstCbKImkbCs6IrugrvYwEgUaKhlRj7jdFAmoReXn2pEvna', NULL, 0),
(333, 'swentworth97', 'Jú', 'Wentworth', 'iwentworth97@alexa.com', 8889185701, '$2a$04$xlJGb2jZfh5TvEgk7ZCwru5X7pXF.KDgnFJ6zQp0YQq9A0ZUxJ1zu', NULL, 0),
(334, 'toxer98', 'Régine', 'Oxer', 'koxer98@japanpost.jp', 5373479791, NULL, NULL, 0),
(335, 'lbonnaire99', 'Méthode', 'Bonnaire', 'hbonnaire99@dmoz.org', 2805429384, NULL, 'ac leo pellentesque ultrices mattis odio donec vitae nisi nam', 0),
(336, 'fderuel9a', 'Maëlys', 'De Ruel', 'dderuel9a@miitbeian.gov.cn', 2774567961, NULL, NULL, 0),
(337, 'gblood9b', 'Lyséa', 'Blood', 'tblood9b@zdnet.com', 2643519155, NULL, NULL, 0),
(338, 'ebatterton9c', 'Lóng', 'Batterton', 'tbatterton9c@state.gov', 4255690131, '$2a$04$znk0NiGiP8LGPX9nZ6fgeegmaTAHOVZfVZWrwr1IW06lEASG9QhFu', NULL, 0),
(339, 'rmalkie9d', 'Michèle', 'Malkie', 'dmalkie9d@springer.com', 3746974780, NULL, 'diam cras pellentesque volutpat dui maecenas tristique est et tempus semper est quam pharetra magna', 0),
(340, 'mhacksby9e', 'Adélie', 'Hacksby', 'khacksby9e@geocities.jp', 4331865007, '$2a$04$PlUvak3FiHzbFct3omMnbOkXtU85TgcBWnZhVP2PMrljkqTrW1GhO', NULL, 0),
(341, 'ajarvie9f', 'Léonie', 'Jarvie', 'sjarvie9f@mediafire.com', 9224536957, NULL, NULL, 0),
(342, 'arounce9g', 'Rachèle', 'Rounce', 'zrounce9g@squidoo.com', 3073458236, '$2a$04$ToaUJmu45TbWdOV6HGbyoed5xCCNqJzZD/VN/nnKJu9LBUA4lPfaC', 'nam nulla integer pede justo lacinia eget tincidunt eget tempus vel pede morbi porttitor lorem id ligula suspendisse ornare', 0),
(343, 'lgraddon9h', 'Kuí', 'Graddon', 'lgraddon9h@blogtalkradio.com', 7024618830, '$2a$04$0c.O8kuB6JTW7b1Er2/Tne0K4lJRkdzxA5tS3mZ1OqmfHkSD93r1m', NULL, 0),
(344, 'dbrommage9i', 'Yú', 'Brommage', 'zbrommage9i@dell.com', 1484823978, NULL, 'massa id nisl venenatis lacinia aenean sit amet justo morbi ut odio cras mi pede malesuada in imperdiet', 0),
(345, 'pvassie9j', 'Aloïs', 'Vassie', 'svassie9j@dagondesign.com', 6615054946, '$2a$04$eu5eQ9vT9BUpmXF1JpGC8.f4BgIRi.iLpYM7f.5VpnF6DHWHkg7dW', NULL, 0),
(346, 'dhiseman9k', 'Félicie', 'Hiseman', 'ahiseman9k@state.tx.us', 6364916282, NULL, NULL, 0),
(347, 'jhartfield9l', 'Börje', 'Hartfield', 'dhartfield9l@adobe.com', 9436195868, '$2a$04$7nDjQeTXU9n7WHpZeKjYtOMgSoOr0VlIWh8M4mVri0m7wHnBwGjeq', NULL, 0),
(348, 'odyas9m', 'Athéna', 'Dyas', 'kdyas9m@pcworld.com', 8987633431, NULL, 'tortor risus dapibus augue vel accumsan tellus nisi eu orci mauris lacinia sapien quis libero', 0),
(349, 'scrix9n', 'Stévina', 'Crix', 'bcrix9n@adobe.com', 5316207231, '$2a$04$RRpnvRFPHVrXDXtCNwkCf.GppKhjVb0lgBGO36Cea32AWsTTN1lf.', NULL, 0),
(350, 'jpaxforde9o', 'Bérengère', 'Paxforde', 'tpaxforde9o@cocolog-nifty.com', 2857388599, NULL, NULL, 0),
(351, 'againsboro9p', 'Léa', 'Gainsboro', 'bgainsboro9p@symantec.com', 2569822343, NULL, 'quam sapien varius ut blandit non interdum in ante vestibulum ante ipsum primis in', 0),
(352, 'lgodier9q', 'Fèi', 'Godier', 'rgodier9q@pagesperso-orange.fr', 8463021719, '$2a$04$kxVGYVwGn7DX2jhdAMjtUOjurgiU2Ci72rPdUJgDyRz.M94H8idhK', NULL, 0),
(353, 'tgladden9r', 'Marie-hélène', 'Gladden', 'mgladden9r@rediff.com', 1018408537, '$2a$04$N/GOqo/TGY1L2HKSfpJXYeyeuROTMIODj/7ZaGyuwGN0o17LqPBsa', 'non ligula pellentesque ultrices phasellus id sapien in sapien iaculis congue vivamus metus arcu adipiscing molestie hendrerit at', 0),
(354, 'dbuttwell9s', 'Amélie', 'Buttwell', 'dbuttwell9s@google.com.br', 4981387474, '$2a$04$7MYituaVBCcp8SlIJIMcUu/xOEl1jx3VuU6ZDF9Rxtdwapo1QwGYW', NULL, 0),
(355, 'hsharrard9t', 'Maïté', 'Sharrard', 'nsharrard9t@google.pl', 1359239086, '$2a$04$611mRoFSkA6X3/GI9qEpgOMgd6uUnZ802AxKM8irdOyeTNSZfzkSm', NULL, 0),
(356, 'dstrahan9u', 'Mélodie', 'Strahan', 'kstrahan9u@edublogs.org', 4967136874, '$2a$04$1.SJZJRPkJHwq0JYucHbTeTMuXpxNo9o6TEbuV6ZR3U5rq8aK3pbm', NULL, 0),
(357, 'guglow9v', 'Loïca', 'Uglow', 'cuglow9v@livejournal.com', 3948025210, NULL, NULL, 0),
(358, 'idiggens9w', 'Clémentine', 'Diggens', 'hdiggens9w@smh.com.au', 3681627295, '$2a$04$Uu34RWOQJp.rDvPGV3yYMu3i.9ruektaNa1kpdSDVcfhV8SiWwxum', NULL, 0),
(359, 'emcgrah9x', 'Cléopatre', 'McGrah', 'kmcgrah9x@ning.com', 5369525192, NULL, NULL, 0),
(360, 'nancell9y', 'Médiamass', 'Ancell', 'tancell9y@icio.us', 6525315729, NULL, 'sed ante vivamus tortor duis mattis egestas metus aenean fermentum donec ut', 0),
(361, 'itebbs9z', 'Sòng', 'Tebbs', 'htebbs9z@youku.com', 3041102386, NULL, NULL, 0),
(362, 'lcollissona0', 'Françoise', 'Collisson', 'bcollissona0@ifeng.com', 2452189269, '$2a$04$6cHOXIjPogw7eTIwA8e8heR1uUqSfYvj11NAlZvuyqcaX9ijJQQG2', 'leo odio condimentum id luctus nec molestie sed justo pellentesque viverra pede ac diam cras pellentesque', 0),
(363, 'aphilcocka1', 'Marlène', 'Philcock', 'cphilcocka1@rakuten.co.jp', 3732674215, NULL, NULL, 0),
(364, 'cwakeforda2', 'Amélie', 'Wakeford', 'twakeforda2@wordpress.org', 5432475867, '$2a$04$a9Nlugf35zd1CNoZbhl/FeXbmWmj6QtPtSB/WEGhO0o38m1Ge6sC2', 'vel nulla eget eros elementum pellentesque quisque porta volutpat erat quisque erat eros viverra eget congue eget', 0),
(365, 'warchibalda3', 'Mà', 'Archibald', 'narchibalda3@facebook.com', 9062615347, NULL, NULL, 0),
(366, 'dpoolea4', 'Léandre', 'Poole', 'lpoolea4@epa.gov', 6287935680, '$2a$04$tX9mhbY61SeoAJ4FJEcHIOR25qzF.X/QEIHUzu97y3esBOxPUisbW', NULL, 0),
(367, 'amapledoruma5', 'Daphnée', 'Mapledorum', 'rmapledoruma5@hatena.ne.jp', 4113717995, NULL, 'pulvinar lobortis est phasellus sit amet erat nulla tempus vivamus in', 0),
(368, 'eaytona6', 'Célestine', 'Ayton', 'aaytona6@i2i.jp', 2454839958, '$2a$04$E50AkeFbk/MGVrjYOS/Ff.4vC1sxkrm/rvB.AuNNVTzwCaOQEejwG', 'placerat praesent blandit nam nulla integer pede justo lacinia eget tincidunt eget tempus vel', 0),
(369, 'nharbara7', 'Alizée', 'Harbar', 'hharbara7@geocities.jp', 5124848716, '$2a$04$odqlS8.KgiSkMsOwTNdAbOu1LChZvK8SA.pEqiR68cW3bLPVeEbVW', NULL, 0),
(370, 'sseamena8', 'Ruò', 'Seamen', 'hseamena8@squarespace.com', 6163621739, NULL, 'aenean auctor gravida sem praesent id massa id nisl venenatis lacinia aenean sit amet justo morbi ut odio', 0),
(371, 'hmaclisea9', 'Clémence', 'MacLise', 'nmaclisea9@berkeley.edu', 9832272472, NULL, NULL, 0),
(372, 'acottisfordaa', 'Maï', 'Cottisford', 'ecottisfordaa@angelfire.com', 5528750329, NULL, 'curae mauris viverra diam vitae quam suspendisse potenti nullam porttitor lacus at turpis donec posuere metus', 0),
(373, 'lcornboroughab', 'Cinéma', 'Cornborough', 'bcornboroughab@fda.gov', 8558895981, NULL, 'donec posuere metus vitae ipsum aliquam non mauris morbi non lectus aliquam', 0),
(374, 'ptullyac', 'Pò', 'Tully', 'btullyac@google.co.uk', 7692736846, NULL, 'in imperdiet et commodo vulputate justo in blandit ultrices enim lorem ipsum dolor sit amet consectetuer adipiscing elit', 0),
(375, 'dloxtonad', 'Lauréna', 'Loxton', 'sloxtonad@ovh.net', 9122563855, NULL, NULL, 0),
(376, 'ksanteae', 'Célestine', 'Sante', 'tsanteae@alibaba.com', 2447839826, NULL, NULL, 0),
(377, 'sdockreayaf', 'Mahélie', 'Dockreay', 'mdockreayaf@salon.com', 4941570937, NULL, NULL, 0),
(378, 'emussardag', 'Åsa', 'Mussard', 'cmussardag@sun.com', 7718209081, '$2a$04$AW/GXd9KYoZXk/zO0CcLPeFCBg2bapVRyZuyEJvsf5QRDP8.UX6E.', NULL, 0),
(379, 'lfowlestoneah', 'Audréanne', 'Fowlestone', 'mfowlestoneah@who.int', 6509416766, '$2a$04$suBcWdCFZGukM6yU9bjIueUOh41KL58eQhjHv/dZTbnQaRuKGCyYq', 'ut massa volutpat convallis morbi odio odio elementum eu interdum eu tincidunt in leo maecenas pulvinar lobortis est', 0),
(380, 'pbettleyai', 'Simplifiés', 'Bettley', 'sbettleyai@google.cn', 7234835195, '$2a$04$3lR9j4dJoRzMS0epqUn6EulLtueWR5ccA.eAOpqvCXciaQDbkkG1y', NULL, 0),
(381, 'jducarmeaj', 'Loïs', 'ducarme', 'dducarmeaj@craigslist.org', 7226875013, '$2a$04$D/mkyhXj3DyaavNnqlmVBuG7abMRmFveZvhzpPdh0nYvs0ZRwTVtG', NULL, 0),
(382, 'agarfordak', 'Marie-ève', 'Garford', 'dgarfordak@wikipedia.org', 7304213772, '$2a$04$1uMavgCDBihSQMqZXFhoL.RM1C0GMeEUoNJN4L0kl5VW6Y3FwYURe', NULL, 0),
(383, 'jeastcottal', 'Pò', 'Eastcott', 'heastcottal@diigo.com', 8787700430, NULL, 'porta volutpat quam pede lobortis ligula sit amet eleifend pede libero', 0),
(384, 'tsunnersam', 'Maëlyss', 'Sunners', 'tsunnersam@amazon.com', 2009323083, '$2a$04$M5nLVph.kWPysmrxMdf8VOIsL.LVHtU5/0e2ffYrCXhAaMFbich96', NULL, 0),
(385, 'ddaffeyan', 'Naëlle', 'Daffey', 'ndaffeyan@ted.com', 1925308077, '$2a$04$kZ5LJOaQt2svKMGJ3jQCNOt56ze66/Nn4zEiSYXK9LeJa7JrTs8Xu', NULL, 0),
(386, 'rbrackpoolao', 'Andrée', 'Brackpool', 'hbrackpoolao@wunderground.com', 4508915771, '$2a$04$LoKrxvIOku4oVJjVq1QeKegu.iANxF3H15E1U8yQUoYzgzv37BB8.', 'mi integer ac neque duis bibendum morbi non quam nec dui', 0),
(387, 'triseboroughap', 'Nélie', 'Riseborough', 'lriseboroughap@si.edu', 2686541005, NULL, NULL, 0),
(388, 'ddigginaq', 'Maéna', 'Diggin', 'hdigginaq@amazon.co.jp', 8891812646, NULL, NULL, 0),
(389, 'cpopplestonear', 'Kuí', 'Popplestone', 'opopplestonear@feedburner.com', 1866110387, NULL, 'curabitur convallis duis consequat dui nec nisi volutpat eleifend donec ut dolor morbi vel lectus in quam fringilla', 0),
(390, 'cgrigolettias', 'Salomé', 'Grigoletti', 'mgrigolettias@cdbaby.com', 7307743169, '$2a$04$hCXhP9KekV2gpD2bPIzRw.V/TqaipGjLplG6qBxieXnf0W2jithA2', 'morbi vestibulum velit id pretium iaculis diam erat fermentum justo nec', 0),
(391, 'dkarpfenat', 'Anaïs', 'Karpfen', 'bkarpfenat@columbia.edu', 5637583687, '$2a$04$k1CrYfv7/hORtUENmXNSZu80/sPGkgR6dieKG/s/C3E6m.RFIweLO', NULL, 0),
(392, 'jambrozau', 'Tán', 'Ambroz', 'cambrozau@123-reg.co.uk', 3359589883, NULL, NULL, 0),
(393, 'isalvatoreav', 'Audréanne', 'Salvatore', 'vsalvatoreav@census.gov', 1949873030, '$2a$04$Tj6SoY/rehIEB2XFncNW0OV22gpdo1PkqR9a5cZtQZ0UpGZi8Mv.u', NULL, 0),
(394, 'sfinlanaw', 'Mén', 'Finlan', 'mfinlanaw@nhs.uk', 3655952288, '$2a$04$5nNw4eUXLkQ/275UWo7kte/bGt2IwaE0M7WP6lgoMW9/dJq5CWz8O', 'leo odio condimentum id luctus nec molestie sed justo pellentesque viverra pede ac diam cras pellentesque volutpat dui', 0),
(395, 'aspavonax', 'Faîtes', 'Spavon', 'mspavonax@home.pl', 6445668287, '$2a$04$tXUEFom5NcePkkRUNeSdUO4JbGt6n/V2vixe579f30m/o.HH9ekye', NULL, 0),
(396, 'jlordonay', 'Célia', 'Lordon', 'llordonay@ft.com', 1126221525, NULL, NULL, 0),
(397, 'vrushmeraz', 'Lóng', 'Rushmer', 'grushmeraz@vinaora.com', 1485730243, NULL, 'vulputate justo in blandit ultrices enim lorem ipsum dolor sit', 0),
(398, 'kjirab0', 'Régine', 'Jira', 'ljirab0@princeton.edu', 7736598517, NULL, NULL, 0),
(399, 'wpoorb1', 'Nélie', 'Poor', 'mpoorb1@bandcamp.com', 2359975732, NULL, NULL, 0),
(400, 'abohmanb2', 'Néhémie', 'Bohman', 'ibohmanb2@alibaba.com', 6152031824, '$2a$04$4ppa8Kp2mGQTePE67A89xu/vX0jMp9ePNz86TERe3idXY7MSOAm1q', 'libero non mattis pulvinar nulla pede ullamcorper augue a suscipit nulla elit ac', 0),
(401, 'zroustb3', 'Eléonore', 'Roust', 'croustb3@hexun.com', 9352816377, '$2a$04$HenDpNNJkjpbiUUd4.KMweoyBDNph6fkKoFZPxCEBYy8mA0hAId0y', NULL, 0),
(402, 'lbrettelleb4', 'Léana', 'Brettelle', 'abrettelleb4@irs.gov', 8837650231, '$2a$04$BsiJ.3x26kQK9othaOmIKe9gzzoAsY0P2vM4rKtGBeYyYq82IVghy', 'non velit donec diam neque vestibulum eget vulputate ut ultrices vel augue vestibulum ante ipsum primis in', 0),
(403, 'zvanesb5', 'Åke', 'Vanes', 'cvanesb5@geocities.jp', 6934428501, NULL, NULL, 0),
(404, 'bgiovannonib6', 'Méghane', 'Giovannoni', 'mgiovannonib6@census.gov', 2131329125, '$2a$04$DhUWMDW/LfLiNW8cJEod8Ojm0xptcbTa0JLhGr76dI86rCUDG6evG', NULL, 0),
(405, 'hveaseyb7', 'Laurélie', 'Veasey', 'lveaseyb7@typepad.com', 5891251631, '$2a$04$v9yOJRnrhpIHcBBzgX4yP.NgX78j/YBHm1/SCMvBEep/Dzq7MCgya', NULL, 0),
(406, 'dsirettb8', 'Ráo', 'Sirett', 'jsirettb8@exblog.jp', 3736366980, NULL, 'quam suspendisse potenti nullam porttitor lacus at turpis donec posuere metus', 0),
(407, 'chuxleyb9', 'Gösta', 'Huxley', 'chuxleyb9@com.com', 5939398527, NULL, 'ac consequat metus sapien ut nunc vestibulum ante ipsum primis in', 0),
(408, 'sandriniba', 'Chloé', 'Andrini', 'dandriniba@google.com.au', 2115837113, '$2a$04$LO.IDO/q6gSzMoghbzn1aeSUCyjYUTPNXxck4zkK19VZUvpbkAtle', NULL, 0),
(409, 'sniemetzbb', 'Irène', 'Niemetz', 'rniemetzbb@ning.com', 3911012379, '$2a$04$DZHEM9mB/e55ShCANENeUOiWo/eEcN/ulezu7c79s19CLmllyjeoe', 'nulla facilisi cras non velit nec nisi vulputate nonummy maecenas tincidunt lacus at velit vivamus vel nulla', 0),
(410, 'cleavesleybc', 'Michèle', 'Leavesley', 'yleavesleybc@economist.com', 1297649575, NULL, NULL, 0),
(411, 'mbullenbd', 'Léana', 'Bullen', 'kbullenbd@webeden.co.uk', 1765829372, NULL, 'iaculis congue vivamus metus arcu adipiscing molestie hendrerit at vulputate vitae nisl aenean lectus pellentesque eget nunc', 0),
(412, 'dhaughinbe', 'Maëline', 'Haughin', 'bhaughinbe@deviantart.com', 2437483700, '$2a$04$wtI/oVmYpL5IR9jTTvRTW.MnH5jncEYCK5gg6IIDA4LOXk40t9vZ6', NULL, 0),
(413, 'pdiggellbf', 'Åsa', 'Diggell', 'cdiggellbf@springer.com', 8398836454, NULL, 'nam dui proin leo odio porttitor id consequat in consequat ut nulla sed accumsan felis ut', 0),
(414, 'aobradanebg', 'Marie-josée', 'O\'Bradane', 'sobradanebg@cyberchimps.com', 3407150895, '$2a$04$ur9mhtd0eUogZJ11TiZuWOm4Mo2tgaFreqlj2r5MmV8pJjasgdrkS', 'aliquam convallis nunc proin at turpis a pede posuere nonummy integer non velit', 0),
(415, 'kpignonbh', 'Intéressant', 'Pignon', 'kpignonbh@businessinsider.com', 5677606028, '$2a$04$3jX0YUNgDLNfKn/sb4mnf.u821I83aWsQ3RhOkGfDBmNvDIZzoQtq', 'justo sit amet sapien dignissim vestibulum vestibulum ante ipsum primis in faucibus orci', 0),
(416, 'fodonohoebi', 'Méryl', 'O\' Donohoe', 'eodonohoebi@hibu.com', 6537507460, '$2a$04$Ck/hq8ri6.IQkOpIgcWvIunlasW0Knegl2V5983EBh4LymgE4j52m', 'cras non velit nec nisi vulputate nonummy maecenas tincidunt lacus at velit vivamus vel nulla eget', 0),
(417, 'dsnalumbj', 'Lauréna', 'Snalum', 'asnalumbj@flickr.com', 3601500980, NULL, NULL, 0),
(418, 'bhotsonbk', 'Geneviève', 'Hotson', 'chotsonbk@globo.com', 2272172362, NULL, 'in ante vestibulum ante ipsum primis in faucibus orci luctus et ultrices', 0),
(419, 'sbreensbl', 'Mélanie', 'Breens', 'ebreensbl@discuz.net', 7545264965, '$2a$04$aj8RvTTRSmfDGIT7icLexuT2bZLOLonwl81i0/2zOyt9mVbeHnV2S', NULL, 0),
(420, 'rjakobm', 'Björn', 'Jako', 'qjakobm@sogou.com', 5025788712, '$2a$04$rAaPaRFDikNC9P8BHaXCJeQHRGKqpapCH6pRWFRnIb5Zm6FRzPuem', NULL, 0),
(421, 'npoynerbn', 'Laïla', 'Poyner', 'rpoynerbn@istockphoto.com', 5769387067, NULL, NULL, 0),
(422, 'csearsbo', 'Ruì', 'Sears', 'ssearsbo@printfriendly.com', 3558667638, '$2a$04$kGHqBbfnoUjqSbhL5alDaeQ8TVacQqksm8NXUQYxQeNVZHxXpUvdO', NULL, 0),
(423, 'fberthotbp', 'Léonore', 'Berthot', 'sberthotbp@bbc.co.uk', 9879436810, '$2a$04$0XW/CmunWrFlkvlYmJkyuODEy4mYU1TzukyK4V63tFzPgftSVhv7G', NULL, 0),
(424, 'rlovstrombq', 'Mélissandre', 'Lovstrom', 'blovstrombq@mayoclinic.com', 9481601730, NULL, 'eget eleifend luctus ultricies eu nibh quisque id justo sit amet sapien dignissim vestibulum vestibulum ante ipsum', 0),
(425, 'gchildersbr', 'Michèle', 'Childers', 'wchildersbr@sourceforge.net', 6153674487, '$2a$04$IQb4LEb3AlT4XqFAT.XsqueQdctB3mRL41Ea0A9E1cjpDtK/Ca.by', 'et ultrices posuere cubilia curae nulla dapibus dolor vel est donec odio justo sollicitudin ut suscipit a feugiat', 0),
(426, 'alodingbs', 'Régine', 'Loding', 'dlodingbs@163.com', 4235966308, NULL, 'non mattis pulvinar nulla pede ullamcorper augue a suscipit nulla elit ac nulla sed vel enim sit amet nunc', 0),
(427, 'nfloodgatebt', 'Maï', 'Floodgate', 'bfloodgatebt@mashable.com', 8704036210, NULL, 'convallis morbi odio odio elementum eu interdum eu tincidunt in leo maecenas pulvinar lobortis est phasellus sit amet erat', 0),
(428, 'bspridgeonbu', 'Naëlle', 'Spridgeon', 'sspridgeonbu@digg.com', 8538263737, NULL, 'felis donec semper sapien a libero nam dui proin leo odio porttitor id', 0),
(429, 'greidebv', 'Mélina', 'Reide', 'creidebv@slate.com', 5735994037, '$2a$04$SuTGbNd29.2tHS5VwzU8kuq7LDlkx0ZzB/QpUcWwLasTRxtpG3Z0a', 'curae donec pharetra magna vestibulum aliquet ultrices erat tortor sollicitudin', 0),
(430, 'bmawfordbw', 'Cécilia', 'Mawford', 'dmawfordbw@adobe.com', 4221209326, '$2a$04$ltiblqEREIF3gLr9hwzz6e5/iCSvhygkfhuCSVWxn0xCpPGMIsyKG', NULL, 0),
(431, 'bchallesbx', 'Médiamass', 'Challes', 'fchallesbx@i2i.jp', 7459050310, NULL, NULL, 0),
(432, 'vmacquakerby', 'Mélodie', 'MacQuaker', 'wmacquakerby@netlog.com', 4342240578, NULL, NULL, 0),
(433, 'gsoutenbz', 'Marie-thérèse', 'Souten', 'gsoutenbz@wikipedia.org', 5231049725, '$2a$04$oEbbBzCB0QKrbGwkm.0SP.euayB6wFNq3Po0t6FQO0ZuFlMkaSk9C', NULL, 0),
(434, 'ablaycockc0', 'Océanne', 'Blaycock', 'eblaycockc0@nature.com', 1818730720, NULL, NULL, 0),
(435, 'rfreebernec1', 'Gwenaëlle', 'Freeberne', 'hfreebernec1@bloomberg.com', 7276490612, NULL, 'luctus et ultrices posuere cubilia curae duis faucibus accumsan odio curabitur convallis duis consequat dui nec nisi volutpat', 0),
(436, 'ddashwoodc2', 'Dù', 'Dashwood', 'sdashwoodc2@cargocollective.com', 1898387481, NULL, 'tempor convallis nulla neque libero convallis eget eleifend luctus ultricies eu nibh quisque id justo sit amet sapien dignissim', 0),
(437, 'gmaccriec3', 'Mélina', 'Maccrie', 'kmaccriec3@a8.net', 1923997164, NULL, 'ut rhoncus aliquet pulvinar sed nisl nunc rhoncus dui vel sem', 0),
(438, 'asimmsc4', 'Adélaïde', 'Simms', 'psimmsc4@twitpic.com', 2711246781, NULL, NULL, 0),
(439, 'abartheletc5', 'Uò', 'Barthelet', 'bbartheletc5@a8.net', 8855820705, '$2a$04$QhjCBAS.DWlx1bTMs6FtO.OMvgo7yFhnC6ss2m9NDfRh2g4TrAsQq', NULL, 0),
(440, 'eguardc6', 'Océane', 'Guard', 'jguardc6@va.gov', 6003648437, NULL, 'vel pede morbi porttitor lorem id ligula suspendisse ornare consequat lectus in est risus', 0),
(441, 'jfluinc7', 'Garçon', 'Fluin', 'ufluinc7@pbs.org', 3945599394, '$2a$04$LYsUaFj0BGR/xMpImuFQb.z8xKzZ1VujsgDmSRCZ.7U5SjAkgRS5q', NULL, 0),
(442, 'srispinc8', 'Kuí', 'Rispin', 'brispinc8@cocolog-nifty.com', 9654100502, '$2a$04$WikAi41rMML6eOpeexz.qeFOIkqmSdIlUkqEfCy95kw1qB2PChkFC', NULL, 0),
(443, 'gdringc9', 'Eléonore', 'Dring', 'mdringc9@bloglines.com', 4237428162, '$2a$04$Lfq536Zrs.Sd0cWc8sddb.kT9Zcw5o.YYGDjw/DPNPJd0BvrxaYI6', 'congue eget semper rutrum nulla nunc purus phasellus in felis donec semper sapien a libero nam', 0),
(444, 'pbyca', 'Wá', 'By', 'kbyca@wsj.com', 2565414060, '$2a$04$i32vCVEEMTABesv4NtHGIOCpKj6vTsp9Lw8E.S.xEWCOeAV2EPm5y', 'leo odio porttitor id consequat in consequat ut nulla sed accumsan felis', 0),
(445, 'aroystecb', 'Mélanie', 'Royste', 'mroystecb@so-net.ne.jp', 2419543260, '$2a$04$AmcVoFsZuQBlPxMby5As6OQ5cTaSw9W.KIuqoFfPiRmLTA..oNlhO', 'vehicula condimentum curabitur in libero ut massa volutpat convallis morbi', 0),
(446, 'sclewescc', 'Laurélie', 'Clewes', 'rclewescc@cpanel.net', 4359502718, NULL, 'dolor vel est donec odio justo sollicitudin ut suscipit a feugiat et eros vestibulum ac', 0),
(447, 'bshilladaycd', 'Méline', 'Shilladay', 'lshilladaycd@artisteer.com', 7238350063, NULL, NULL, 0),
(448, 'acharloce', 'Solène', 'Charlo', 'mcharloce@army.mil', 1906123307, '$2a$04$6hgKvDOtCCPDfT94UJkTiOeTt7NZa3m8WBZUnoGEVDYsCtLI6JMbS', NULL, 0),
(449, 'aingerfieldcf', 'Adélie', 'Ingerfield', 'bingerfieldcf@over-blog.com', 2471920106, NULL, NULL, 0),
(450, 'mgravellcg', 'Amélie', 'Gravell', 'mgravellcg@hugedomains.com', 4318356960, NULL, NULL, 0),
(451, 'fgobbetch', 'Görel', 'Gobbet', 'cgobbetch@themeforest.net', 8825433088, NULL, 'ultrices vel augue vestibulum ante ipsum primis in faucibus orci luctus et ultrices', 0),
(452, 'ghaversci', 'Gwenaëlle', 'Havers', 'bhaversci@auda.org.au', 1563855774, NULL, NULL, 0),
(453, 'mthornallycj', 'Kallisté', 'Thornally', 'nthornallycj@tiny.cc', 7702227591, NULL, NULL, 0),
(454, 'astanistreetck', 'Anaëlle', 'Stanistreet', 'tstanistreetck@apple.com', 2332980156, '$2a$04$Zm2yd4qX6hBCsA2oCI9rPO2L5CP0qWDapTYdx4XM.vgqvrVeBtsoO', NULL, 0),
(455, 'aworsnipcl', 'Mà', 'Worsnip', 'pworsnipcl@auda.org.au', 7673698075, '$2a$04$dw1IJOx4bblotFITRidsx.UYGdUtK3Q/Gg8U1rvxge/9SI2HvM4OK', 'pulvinar lobortis est phasellus sit amet erat nulla tempus vivamus in felis eu sapien cursus vestibulum proin eu mi nulla', 0),
(456, 'ageldertcm', 'Zhì', 'Geldert', 'bgeldertcm@yellowbook.com', 5844761543, NULL, 'quam a odio in hac habitasse platea dictumst maecenas ut massa quis', 0),
(457, 'mstrickettcn', 'Maï', 'Strickett', 'hstrickettcn@drupal.org', 5547639358, NULL, 'tincidunt lacus at velit vivamus vel nulla eget eros elementum', 0),
(458, 'asimakco', 'Vérane', 'Simak', 'bsimakco@com.com', 5042294900, '$2a$04$5odfSBk7BG8xON9jZLmnR.dM5m3jmxjHDKlxPwBIERrDGIaoTh2US', NULL, 0),
(459, 'rbelchampcp', 'Ophélie', 'Belchamp', 'wbelchampcp@ifeng.com', 3993305433, NULL, NULL, 0),
(460, 'rprivostcq', 'Mélanie', 'Privost', 'bprivostcq@examiner.com', 5339981072, '$2a$04$pwo6V13Babwk2AQ9cStrZOlfp7cUUj0LvMIptcmvlQo2kMp4l7JMy', NULL, 0),
(461, 'cborehamcr', 'Andrée', 'Boreham', 'rborehamcr@github.com', 3175480228, '$2a$04$c06hLKEbotWNGzDoJJgwPOgusoGDdBDPpkvouE.ry9/qjQbQqABeG', 'congue etiam justo etiam pretium iaculis justo in hac habitasse platea dictumst etiam faucibus', 0),
(462, 'bcordsencs', 'Nuó', 'Cordsen', 'bcordsencs@ocn.ne.jp', 7388303321, NULL, NULL, 0),
(463, 'lwoofendellct', 'Océane', 'Woofendell', 'mwoofendellct@hp.com', 9966873244, '$2a$04$z8Yq2RRsBhUgZeYF1vOZTeIKaJBT83Gy7b7HGpzyst05T/7v9SPWm', NULL, 0),
(464, 'smadgwichcu', 'Måns', 'Madgwich', 'nmadgwichcu@who.int', 3444927140, NULL, NULL, 0),
(465, 'ffleotecv', 'Camélia', 'Fleote', 'tfleotecv@uol.com.br', 2001388242, '$2a$04$y6/8tIhh2rhsadOytRNIcOSbNkdzULqCVC7IqD7IDFRlu.QXcx7LC', NULL, 0),
(466, 'jjervoiscw', 'Vérane', 'Jervois', 'pjervoiscw@dagondesign.com', 5294488644, NULL, 'faucibus orci luctus et ultrices posuere cubilia curae donec pharetra', 0),
(467, 'gcrichleycx', 'Göran', 'Crichley', 'hcrichleycx@mapquest.com', 2095448651, NULL, NULL, 0),
(468, 'qandreasency', 'Béatrice', 'Andreasen', 'sandreasency@php.net', 5865365357, '$2a$04$VNIN1INRYMg7h/4/U5v1seyOKlelI8gwwVkL6Sh9z7nr9e3BWfSVe', NULL, 0),
(469, 'jbourdicecz', 'Cléa', 'Bourdice', 'abourdicecz@angelfire.com', 2779667120, '$2a$04$olKDMyPAewnfhnq4Q3yUs.r8jICtmpA1weg0Z5JyidORe70VubD/u', NULL, 0),
(470, 'dmccurlyed0', 'Méryl', 'McCurlye', 'imccurlyed0@illinois.edu', 4654638160, '$2a$04$zS9vj4FeGCo4LaOgFyjNNOdruShy/zo0zoZOEZ1dgshYx6BOa7lj2', NULL, 0),
(471, 'denriqued1', 'Maïlis', 'Enrique', 'menriqued1@ca.gov', 3435377544, '$2a$04$kBQYfZ.5i0n.GjU.4Mx.1eRaZduWeeAbGehk4MIKaDPrHUGlsJmrm', NULL, 0),
(472, 'gkulisd2', 'Esbjörn', 'Kulis', 'jkulisd2@myspace.com', 8774606288, NULL, 'odio porttitor id consequat in consequat ut nulla sed accumsan felis ut at dolor quis odio consequat varius', 0),
(473, 'pchadneyd3', 'Eugénie', 'Chadney', 'ichadneyd3@youtube.com', 8534810055, NULL, NULL, 0),
(474, 'dciobutarud4', 'Kù', 'Ciobutaru', 'iciobutarud4@gmpg.org', 1914015459, '$2a$04$HeVYP8cyT.d6mFdQFCU3xuNwHq5jLV9CNF2aViq9TzSV1dqHylgd.', NULL, 0),
(475, 'scorderyd5', 'Eugénie', 'Cordery', 'hcorderyd5@army.mil', 1017117653, NULL, NULL, 0),
(476, 'mgambied6', 'Nélie', 'Gambie', 'ngambied6@mlb.com', 9961662714, NULL, 'augue quam sollicitudin vitae consectetuer eget rutrum at lorem integer tincidunt', 0),
(477, 'bgaddesd7', 'Joséphine', 'Gaddes', 'jgaddesd7@nhs.uk', 8062758626, NULL, 'volutpat convallis morbi odio odio elementum eu interdum eu tincidunt in leo maecenas pulvinar lobortis est phasellus sit amet erat', 0),
(478, 'gwarbeysd8', 'Léonore', 'Warbeys', 'ewarbeysd8@hud.gov', 7958095608, NULL, NULL, 0),
(479, 'cmartschikd9', 'Amélie', 'Martschik', 'bmartschikd9@purevolume.com', 4774122631, NULL, NULL, 0),
(480, 'mdafyddda', 'Frédérique', 'Dafydd', 'sdafyddda@jigsy.com', 6924464307, NULL, NULL, 0),
(481, 'hedmandsdb', 'Stévina', 'Edmands', 'cedmandsdb@smh.com.au', 6884673093, NULL, 'mus vivamus vestibulum sagittis sapien cum sociis natoque penatibus et magnis dis parturient', 0),
(482, 'aduvaldc', 'Intéressant', 'Duval', 'tduvaldc@redcross.org', 6077751717, '$2a$04$OB3vO8As4d.f9idWLuhxVegeDMNW1DgsddtMAws0ro1v2KwPsEGFi', NULL, 0),
(483, 'frittelmeyerdd', 'Crééz', 'Rittelmeyer', 'orittelmeyerdd@hp.com', 8921394603, NULL, NULL, 0),
(484, 'qgiaomozzode', 'Mà', 'Giaomozzo', 'bgiaomozzode@reverbnation.com', 2765972553, NULL, NULL, 0),
(485, 'sraisherdf', 'Torbjörn', 'Raisher', 'wraisherdf@google.co.jp', 6728108737, NULL, 'nulla elit ac nulla sed vel enim sit amet nunc viverra dapibus nulla suscipit', 0),
(486, 'zryledg', 'Léa', 'Ryle', 'jryledg@businesswire.com', 4169376068, NULL, NULL, 0),
(487, 'eburrusdh', 'Annotés', 'Burrus', 'bburrusdh@acquirethisname.com', 7845182270, '$2a$04$IqfxbwTu9qodvQ.HiGrJPeq3hfzb5SCvl/pnhDn7gIYM7E0KC.myq', NULL, 0),
(488, 'bhoutbiedi', 'Börje', 'Houtbie', 'jhoutbiedi@alibaba.com', 5134410879, '$2a$04$pdKiRaOuDMxZz1QLARFnyOxQLt1eZI6DdNz1gT6Rg47K5mA6ZFUwW', 'platea dictumst etiam faucibus cursus urna ut tellus nulla ut erat id mauris vulputate elementum nullam varius nulla facilisi', 0),
(489, 'eorigindj', 'Dafnée', 'Origin', 'lorigindj@yahoo.com', 6905638225, NULL, 'amet consectetuer adipiscing elit proin risus praesent lectus vestibulum quam sapien varius ut blandit non interdum in ante', 0),
(490, 'nwithropdk', 'Yénora', 'Withrop', 'hwithropdk@sphinn.com', 8867454983, NULL, 'dis parturient montes nascetur ridiculus mus vivamus vestibulum sagittis sapien cum sociis', 0),
(491, 'mtuckiedl', 'Adèle', 'Tuckie', 'ctuckiedl@domainmarket.com', 3419251290, NULL, 'integer aliquet massa id lobortis convallis tortor risus dapibus augue vel accumsan', 0),
(492, 'mbrainsbydm', 'Joséphine', 'Brainsby', 'abrainsbydm@sourceforge.net', 1072199021, NULL, NULL, 0),
(493, 'etremolieresdn', 'Garçon', 'Tremolieres', 'ltremolieresdn@seesaa.net', 1505908280, NULL, 'vehicula condimentum curabitur in libero ut massa volutpat convallis morbi odio odio', 0),
(494, 'akubekdo', 'Léa', 'Kubek', 'dkubekdo@cisco.com', 5744992396, NULL, 'vulputate luctus cum sociis natoque penatibus et magnis dis parturient', 0),
(495, 'bmonelledp', 'Aloïs', 'Monelle', 'mmonelledp@51.la', 4416550355, NULL, 'ligula pellentesque ultrices phasellus id sapien in sapien iaculis congue vivamus metus arcu adipiscing molestie hendrerit at', 0),
(496, 'efarralldq', 'Garçon', 'Farrall', 'nfarralldq@squidoo.com', 2045345766, NULL, 'quisque id justo sit amet sapien dignissim vestibulum vestibulum ante ipsum primis', 0),
(497, 'bbrandaccidr', 'Yóu', 'Brandacci', 'rbrandaccidr@bluehost.com', 4911399339, NULL, NULL, 0),
(498, 'cchopyds', 'Styrbjörn', 'Chopy', 'kchopyds@soup.io', 7195048327, '$2a$04$4rpMUrxgF0KKAIHEeVH9TeVE7DqaF5vd4q0cMVRaQChvExvut5TFa', NULL, 0),
(499, 'mcostardt', 'Publicité', 'Costar', 'mcostardt@nytimes.com', 4358049030, '$2a$04$p4PXy0gdjs7ltNEV3wDHy.E/C1pjildqmIBxlZ7wmbFfGS3kV4sI2', 'amet sapien dignissim vestibulum vestibulum ante ipsum primis in faucibus orci luctus et ultrices posuere cubilia curae nulla dapibus dolor', 0),
(500, 'rdymottdu', 'Thérèsa', 'Dymott', 'adymottdu@imageshack.us', 5226776318, NULL, NULL, 0);

-- --------------------------------------------------------

--
-- Table structure for table `fach`
--

CREATE TABLE `fach` (
  `id` int(11) NOT NULL,
  `name` varchar(50) NOT NULL
) ENGINE=InnoDB DEFAULT CHARSET=utf8mb4 COLLATE=utf8mb4_general_ci;

--
-- Dumping data for table `fach`
--

INSERT INTO `fach` (`id`, `name`) VALUES
(9, 'Chemie'),
(3, 'Deutsch'),
(5, 'Englisch'),
(8, 'Geografie'),
(1, 'Geschichte'),
(6, 'Informatik'),
(2, 'Kunst'),
(4, 'Mathe'),
(7, 'Musik'),
(10, 'Physik');

-- --------------------------------------------------------

--
-- Table structure for table `fachlehrer`
--

CREATE TABLE `fachlehrer` (
  `id` int(11) NOT NULL,
  `anrede` enum('Frau','Frau Dr.','Herr','Herr Dr.') DEFAULT NULL,
  `name` varchar(50) NOT NULL
) ENGINE=InnoDB DEFAULT CHARSET=utf8mb4 COLLATE=utf8mb4_general_ci;

--
-- Dumping data for table `fachlehrer`
--

INSERT INTO `fachlehrer` (`id`, `anrede`, `name`) VALUES
(1, 'Frau Dr.', 'Streater'),
(2, 'Frau', 'Margram'),
(3, 'Herr', 'Bartalin'),
(4, 'Herr', 'Fortoun'),
(5, 'Herr', 'De Metz'),
(6, 'Frau Dr.', 'Kayley'),
(7, 'Herr Dr.', 'Melmar'),
(8, 'Herr Dr.', 'Gounod'),
(9, 'Herr', 'Harses'),
(10, 'Frau', 'Mugford'),
(11, 'Herr Dr.', 'Scawton'),
(12, 'Frau', 'Planke'),
(13, 'Frau Dr.', 'Meus'),
(14, 'Frau', 'Ciccetti'),
(15, 'Frau', 'Doughtery'),
(16, 'Herr', 'Dennerly'),
(17, 'Herr Dr.', 'Jacobowits'),
(18, 'Frau', 'Matelyunas');

-- --------------------------------------------------------

--
-- Table structure for table `klasse`
--

CREATE TABLE `klasse` (
  `id` int(11) NOT NULL,
  `abi_jahr` smallint(6) NOT NULL,
  `name` varchar(2) NOT NULL
) ENGINE=InnoDB DEFAULT CHARSET=utf8mb4 COLLATE=utf8mb4_general_ci;

--
-- Dumping data for table `klasse`
--

INSERT INTO `klasse` (`id`, `abi_jahr`, `name`) VALUES
(3, 2025, '1'),
(4, 2025, '2'),
(5, 2025, '3'),
(6, 2025, '4'),
(7, 2025, '5'),
(8, 2025, '6'),
(9, 2026, 'A'),
(10, 2026, 'B'),
(11, 2026, 'L'),
(12, 2027, 'A'),
(13, 2027, 'B'),
(14, 2027, 'L'),
(15, 2028, 'A'),
(16, 2028, 'B'),
(17, 2028, 'L'),
(18, 2029, 'A'),
(19, 2029, 'B'),
(20, 2029, 'L'),
(21, 2030, 'L'),
(22, 2031, 'L');

-- --------------------------------------------------------

--
-- Table structure for table `mentor`
--

CREATE TABLE `mentor` (
  `id` int(11) NOT NULL,
  `benutzer_id` int(11) NOT NULL,
  `fach_id` int(11) NOT NULL,
  `fachlehrer_id` int(11) NOT NULL,
  `jgs_ab` tinyint(4) NOT NULL,
  `jgs_bis` tinyint(4) NOT NULL
) ENGINE=InnoDB DEFAULT CHARSET=utf8mb4 COLLATE=utf8mb4_general_ci;

--
-- Dumping data for table `mentor`
--

INSERT INTO `mentor` (`id`, `benutzer_id`, `fach_id`, `fachlehrer_id`, `jgs_ab`, `jgs_bis`) VALUES
(0, 0, 0, 0, 0, 0),
(1, 1, 4, 10, 6, 10),
(2, 2, 8, 3, 6, 11),
(3, 3, 2, 10, 5, 11),
(4, 4, 4, 4, 6, 11),
(5, 5, 1, 12, 6, 9),
(6, 6, 7, 17, 6, 8),
(7, 7, 1, 8, 6, 11),
(8, 8, 9, 13, 5, 10),
(9, 9, 6, 0, 6, 10),
(10, 10, 5, 11, 5, 8),
(11, 11, 1, 6, 5, 10),
(12, 12, 4, 4, 6, 8),
(13, 13, 7, 13, 5, 10),
(14, 14, 6, 15, 6, 9),
(15, 15, 0, 9, 6, 11),
(16, 16, 7, 6, 6, 8),
(17, 17, 2, 12, 6, 9),
(18, 18, 2, 9, 6, 9),
(19, 19, 2, 14, 5, 11),
(20, 20, 6, 7, 6, 9),
(21, 21, 3, 7, 5, 11),
(22, 22, 8, 11, 6, 11),
(23, 23, 0, 0, 5, 10),
(24, 24, 9, 8, 5, 10),
(25, 25, 2, 4, 6, 8),
(26, 26, 5, 10, 6, 10),
(27, 27, 3, 2, 5, 10),
(28, 28, 6, 14, 6, 9),
(29, 29, 0, 15, 5, 10),
(30, 30, 3, 14, 6, 11),
(31, 31, 4, 12, 5, 9),
(32, 32, 7, 13, 6, 10),
(33, 33, 4, 4, 5, 10),
(34, 34, 0, 10, 5, 9),
(35, 35, 1, 15, 6, 8),
(36, 36, 1, 0, 5, 9),
(37, 37, 7, 17, 5, 9),
(38, 38, 6, 11, 6, 10),
(39, 39, 2, 12, 6, 9),
(40, 40, 6, 9, 5, 10),
(41, 41, 1, 13, 6, 11),
(42, 42, 6, 15, 5, 8),
(43, 43, 1, 2, 5, 9),
(44, 44, 7, 5, 6, 11),
(45, 45, 3, 9, 6, 10),
(46, 46, 7, 14, 5, 11),
(47, 47, 9, 12, 6, 9),
(48, 48, 8, 2, 6, 10),
(49, 49, 6, 9, 6, 8),
(50, 50, 6, 1, 6, 11),
(51, 51, 2, 12, 5, 11),
(52, 52, 4, 0, 6, 9),
(53, 53, 7, 7, 6, 10),
(54, 54, 2, 10, 6, 8),
(55, 55, 4, 3, 6, 9),
(56, 56, 6, 14, 6, 9),
(57, 57, 4, 15, 5, 9),
(58, 58, 3, 12, 5, 8),
(59, 59, 7, 2, 5, 11),
(60, 60, 1, 0, 5, 11),
(61, 61, 8, 16, 5, 9),
(62, 62, 3, 2, 5, 8),
(63, 63, 3, 8, 6, 10),
(64, 64, 5, 0, 6, 11),
(65, 65, 8, 12, 5, 8),
(66, 66, 6, 9, 5, 8),
(67, 67, 1, 1, 5, 9),
(68, 68, 4, 13, 5, 11),
(69, 69, 8, 10, 5, 10),
(70, 70, 1, 1, 5, 8),
(71, 71, 3, 2, 5, 11),
(72, 72, 6, 16, 6, 10),
(73, 73, 5, 13, 5, 9),
(74, 74, 2, 11, 6, 9),
(75, 75, 5, 8, 5, 11),
(76, 76, 4, 6, 6, 11),
(77, 77, 5, 2, 6, 9),
(78, 78, 6, 0, 5, 10),
(79, 79, 4, 4, 6, 8),
(80, 80, 2, 6, 5, 10),
(81, 81, 7, 15, 6, 9),
(82, 82, 0, 14, 6, 9),
(83, 83, 5, 2, 6, 10),
(84, 84, 8, 10, 5, 11),
(85, 85, 6, 4, 6, 9),
(86, 86, 5, 17, 5, 9),
(87, 87, 8, 16, 5, 10),
(88, 88, 4, 6, 6, 10),
(89, 89, 2, 3, 6, 9),
(90, 90, 2, 7, 5, 10),
(91, 91, 9, 6, 5, 9),
(92, 92, 2, 5, 6, 9),
(93, 93, 9, 15, 6, 8),
(94, 94, 6, 9, 5, 9),
(95, 95, 3, 0, 5, 11),
(96, 96, 9, 7, 6, 9),
(97, 97, 0, 11, 6, 10),
(98, 98, 6, 7, 6, 8),
(99, 99, 7, 10, 5, 8),
(100, 100, 8, 5, 5, 9),
(101, 101, 5, 7, 6, 8),
(102, 102, 7, 16, 5, 10),
(103, 103, 4, 13, 6, 8),
(104, 104, 2, 0, 5, 11),
(105, 105, 9, 11, 6, 8),
(106, 106, 7, 3, 6, 11),
(107, 107, 2, 12, 5, 10),
(108, 108, 4, 15, 6, 8),
(109, 109, 2, 6, 5, 11),
(110, 110, 4, 0, 5, 9),
(111, 111, 5, 9, 5, 11),
(112, 112, 4, 6, 6, 9),
(113, 113, 6, 17, 5, 11),
(114, 114, 1, 17, 6, 10),
(115, 115, 7, 5, 6, 10),
(116, 116, 8, 12, 5, 11),
(117, 117, 5, 8, 6, 11),
(118, 118, 1, 17, 6, 11),
(119, 119, 0, 2, 5, 9),
(120, 120, 0, 5, 6, 8),
(121, 121, 4, 7, 6, 10),
(122, 122, 9, 11, 6, 9),
(123, 123, 8, 11, 5, 8),
(124, 124, 9, 10, 6, 8),
(125, 125, 2, 7, 6, 10),
(126, 126, 5, 0, 5, 11),
(127, 127, 4, 12, 6, 9),
(128, 128, 5, 11, 5, 10),
(129, 129, 9, 2, 5, 11),
(130, 130, 8, 16, 6, 8),
(131, 131, 1, 8, 5, 9),
(132, 132, 3, 4, 5, 9),
(133, 133, 4, 14, 6, 9),
(134, 134, 9, 9, 6, 8),
(135, 135, 3, 8, 6, 9),
(136, 136, 1, 13, 5, 11),
(137, 137, 2, 8, 6, 9),
(138, 138, 9, 13, 5, 8),
(139, 139, 8, 15, 6, 11),
(140, 140, 1, 7, 5, 9),
(141, 141, 1, 10, 6, 9),
(142, 142, 3, 5, 6, 9),
(143, 143, 6, 0, 6, 8),
(144, 144, 0, 17, 6, 11),
(145, 145, 6, 7, 6, 9),
(146, 146, 4, 7, 5, 8),
(147, 147, 1, 10, 5, 8),
(148, 148, 4, 1, 5, 9),
(149, 149, 0, 0, 6, 9),
(150, 150, 4, 11, 5, 10),
(151, 151, 0, 0, 6, 9),
(152, 152, 7, 8, 6, 11),
(153, 153, 0, 13, 6, 11),
(154, 154, 9, 9, 6, 8),
(155, 155, 3, 8, 5, 8),
(156, 156, 4, 3, 5, 11),
(157, 157, 0, 1, 6, 10),
(158, 158, 7, 6, 5, 8),
(159, 159, 3, 1, 5, 11),
(160, 160, 4, 17, 6, 9),
(161, 161, 2, 7, 6, 9),
(162, 162, 0, 10, 6, 10),
(163, 163, 2, 4, 6, 11),
(164, 164, 7, 9, 6, 11),
(165, 165, 7, 7, 5, 10),
(166, 166, 0, 6, 6, 11),
(167, 167, 8, 0, 6, 11),
(168, 168, 9, 5, 6, 9),
(169, 169, 3, 15, 5, 8),
(170, 170, 5, 4, 6, 11),
(171, 171, 2, 14, 6, 10),
(172, 172, 4, 5, 5, 9),
(173, 173, 2, 14, 5, 8),
(174, 174, 6, 13, 6, 11),
(175, 175, 4, 17, 5, 11),
(176, 176, 6, 1, 5, 9),
(177, 177, 1, 0, 6, 8),
(178, 178, 8, 10, 5, 11),
(179, 179, 7, 9, 6, 9),
(180, 180, 6, 8, 6, 9),
(181, 181, 0, 16, 6, 8),
(182, 182, 7, 6, 5, 8),
(183, 183, 2, 2, 6, 8),
(184, 184, 4, 3, 5, 11),
(185, 185, 5, 2, 6, 10),
(186, 186, 3, 13, 6, 9),
(187, 187, 1, 0, 5, 10),
(188, 188, 7, 7, 6, 8),
(189, 189, 8, 2, 6, 9),
(190, 190, 5, 6, 5, 10),
(191, 191, 3, 2, 5, 9),
(192, 192, 2, 0, 5, 10),
(193, 193, 3, 8, 6, 11),
(194, 194, 0, 10, 6, 8),
(195, 195, 6, 4, 5, 10),
(196, 196, 1, 6, 5, 9),
(197, 197, 9, 10, 5, 10),
(198, 198, 5, 11, 5, 8),
(199, 199, 0, 0, 5, 9),
(200, 200, 8, 5, 6, 8),
(201, 201, 6, 17, 6, 8),
(202, 202, 9, 14, 5, 10),
(203, 203, 3, 13, 5, 11),
(204, 204, 8, 4, 5, 9),
(205, 205, 0, 14, 6, 10),
(206, 206, 0, 11, 5, 11),
(207, 207, 0, 17, 5, 9),
(208, 208, 5, 10, 5, 11),
(209, 209, 7, 0, 5, 8),
(210, 210, 0, 8, 5, 11),
(211, 211, 0, 13, 5, 11),
(212, 212, 1, 15, 5, 9),
(213, 213, 3, 12, 6, 9),
(214, 214, 3, 10, 5, 11),
(215, 215, 8, 4, 5, 8),
(216, 216, 0, 0, 5, 9),
(217, 217, 9, 10, 5, 8),
(218, 218, 6, 15, 6, 9),
(219, 219, 3, 4, 6, 10),
(220, 220, 1, 9, 5, 8),
(221, 221, 0, 6, 6, 9),
(222, 222, 6, 16, 5, 8),
(223, 223, 6, 10, 6, 10),
(224, 224, 8, 14, 5, 8),
(225, 225, 2, 7, 5, 11),
(226, 226, 4, 5, 5, 10),
(227, 227, 8, 8, 6, 10),
(228, 228, 3, 5, 6, 9),
(229, 229, 1, 7, 5, 9),
(230, 230, 3, 8, 5, 8),
(231, 231, 9, 4, 6, 9),
(232, 232, 3, 8, 6, 9),
(233, 233, 5, 15, 5, 11),
(234, 234, 6, 3, 6, 10),
(235, 235, 0, 0, 5, 10),
(236, 236, 7, 15, 5, 11),
(237, 237, 0, 7, 6, 11),
(238, 238, 4, 9, 6, 9),
(239, 239, 7, 0, 6, 8),
(240, 240, 8, 3, 5, 8),
(241, 241, 1, 4, 5, 11),
(242, 242, 0, 1, 5, 8),
(243, 243, 5, 13, 5, 11),
(244, 244, 4, 5, 5, 8),
(245, 245, 6, 5, 5, 9),
(246, 246, 3, 0, 6, 9),
(247, 247, 4, 11, 5, 9),
(248, 248, 5, 13, 5, 10),
(249, 249, 6, 0, 5, 10),
(250, 250, 8, 10, 5, 10),
(251, 251, 3, 7, 5, 8),
(252, 252, 6, 2, 6, 10),
(253, 253, 7, 11, 6, 9),
(254, 254, 4, 4, 5, 11),
(255, 255, 9, 12, 5, 8),
(256, 256, 7, 10, 6, 8),
(257, 257, 3, 14, 5, 10),
(258, 258, 5, 9, 5, 11),
(259, 259, 0, 4, 6, 11),
(260, 260, 8, 16, 6, 10),
(261, 261, 1, 11, 5, 8),
(262, 262, 0, 10, 5, 11),
(263, 263, 2, 0, 6, 9),
(264, 264, 9, 2, 6, 10),
(265, 265, 0, 12, 6, 10),
(266, 266, 2, 11, 6, 9),
(267, 267, 9, 16, 6, 11),
(268, 268, 4, 6, 5, 9),
(269, 269, 0, 13, 5, 8),
(270, 270, 9, 6, 6, 8),
(271, 271, 7, 6, 5, 8),
(272, 272, 0, 14, 5, 9),
(273, 273, 8, 4, 6, 11),
(274, 274, 0, 15, 5, 10),
(275, 275, 9, 1, 5, 10),
(276, 276, 9, 16, 6, 10),
(277, 277, 8, 15, 6, 11),
(278, 278, 6, 0, 5, 11),
(279, 279, 7, 11, 5, 10),
(280, 280, 3, 12, 5, 9),
(281, 281, 9, 8, 5, 10),
(282, 282, 8, 11, 6, 9),
(283, 283, 7, 5, 5, 10),
(284, 284, 2, 6, 6, 11),
(285, 285, 9, 7, 6, 8),
(286, 286, 5, 7, 6, 11),
(287, 287, 8, 0, 5, 11),
(288, 288, 2, 8, 6, 8),
(289, 289, 1, 3, 5, 9),
(290, 290, 6, 8, 6, 8),
(291, 291, 8, 2, 5, 11),
(292, 292, 8, 3, 6, 9),
(293, 293, 8, 5, 6, 11),
(294, 294, 5, 1, 6, 10),
(295, 295, 2, 15, 6, 8),
(296, 296, 7, 7, 6, 9),
(297, 297, 6, 5, 6, 10),
(298, 298, 6, 10, 6, 10),
(299, 299, 0, 12, 6, 10),
(300, 300, 5, 0, 6, 10),
(301, 301, 2, 15, 6, 10),
(302, 302, 4, 9, 5, 9),
(303, 303, 0, 12, 6, 10),
(304, 304, 3, 2, 5, 11),
(305, 305, 3, 11, 6, 11),
(306, 306, 6, 11, 5, 10),
(307, 307, 9, 9, 5, 10),
(308, 308, 2, 0, 6, 11),
(309, 309, 5, 13, 5, 9),
(310, 310, 7, 10, 6, 8),
(311, 311, 4, 1, 5, 10),
(312, 312, 7, 13, 5, 11),
(313, 313, 9, 14, 6, 9),
(314, 314, 1, 3, 5, 10),
(315, 315, 5, 4, 6, 11),
(316, 316, 6, 1, 5, 11),
(317, 317, 3, 16, 6, 9),
(318, 318, 8, 11, 5, 9),
(319, 319, 8, 9, 6, 10),
(320, 320, 7, 13, 6, 8),
(321, 321, 1, 13, 6, 9),
(322, 322, 0, 10, 5, 8),
(323, 323, 1, 11, 5, 9),
(324, 324, 1, 1, 6, 8),
(325, 325, 1, 3, 6, 10),
(326, 326, 0, 15, 6, 10),
(327, 327, 8, 10, 6, 8),
(328, 328, 0, 14, 5, 9),
(329, 329, 7, 2, 6, 10),
(330, 330, 9, 11, 5, 9),
(331, 331, 9, 17, 5, 11),
(332, 332, 1, 5, 6, 11),
(333, 333, 6, 10, 5, 9),
(334, 334, 2, 11, 5, 9),
(335, 335, 5, 13, 5, 8),
(336, 336, 7, 12, 6, 9),
(337, 337, 2, 1, 6, 11),
(338, 338, 9, 13, 6, 9),
(339, 339, 1, 6, 6, 11),
(340, 340, 0, 5, 5, 8),
(341, 341, 7, 0, 6, 10),
(342, 342, 6, 8, 6, 9),
(343, 343, 9, 7, 5, 11),
(344, 344, 9, 2, 6, 10),
(345, 345, 9, 7, 6, 11),
(346, 346, 1, 7, 5, 8),
(347, 347, 9, 1, 6, 11),
(348, 348, 8, 5, 5, 11),
(349, 349, 9, 4, 6, 8),
(350, 350, 7, 11, 5, 11),
(351, 351, 1, 3, 5, 11),
(352, 352, 9, 3, 6, 8),
(353, 353, 3, 5, 6, 8),
(354, 354, 1, 5, 5, 8),
(355, 355, 3, 12, 5, 9),
(356, 356, 9, 2, 6, 10),
(357, 357, 3, 8, 6, 9),
(358, 358, 7, 3, 6, 9),
(359, 359, 8, 16, 6, 8),
(360, 360, 4, 15, 6, 8),
(361, 361, 2, 12, 6, 11),
(362, 362, 9, 4, 5, 8),
(363, 363, 5, 4, 6, 8),
(364, 364, 9, 11, 6, 9),
(365, 365, 3, 6, 5, 11),
(366, 366, 9, 4, 5, 11),
(367, 367, 4, 10, 5, 10),
(368, 368, 4, 1, 5, 11),
(369, 369, 8, 1, 5, 10),
(370, 370, 4, 3, 6, 8),
(371, 371, 0, 5, 5, 8),
(372, 372, 0, 3, 6, 10),
(373, 373, 4, 12, 6, 11),
(374, 374, 3, 3, 6, 9),
(375, 375, 3, 8, 5, 8),
(376, 376, 5, 10, 6, 10),
(377, 377, 0, 12, 6, 10),
(378, 378, 9, 10, 5, 8),
(379, 379, 6, 5, 5, 11),
(380, 380, 7, 15, 6, 11),
(381, 381, 4, 9, 6, 9),
(382, 382, 0, 0, 5, 11),
(383, 383, 9, 7, 6, 10),
(384, 384, 3, 7, 6, 11),
(385, 385, 7, 7, 5, 10),
(386, 386, 6, 6, 5, 9),
(387, 387, 0, 4, 5, 8),
(388, 388, 7, 1, 5, 9),
(389, 389, 2, 1, 5, 8),
(390, 390, 0, 10, 6, 8),
(391, 391, 2, 9, 6, 10),
(392, 392, 2, 2, 5, 9),
(393, 393, 5, 6, 6, 10),
(394, 394, 8, 12, 5, 11),
(395, 395, 7, 11, 6, 9),
(396, 396, 0, 5, 6, 8),
(397, 397, 0, 3, 5, 11),
(398, 398, 7, 3, 6, 9),
(399, 399, 1, 2, 6, 10),
(400, 400, 4, 2, 5, 11),
(401, 401, 4, 0, 5, 10),
(402, 402, 3, 11, 6, 11),
(403, 403, 5, 15, 6, 9),
(404, 404, 8, 3, 5, 10),
(405, 405, 0, 17, 6, 8),
(406, 406, 1, 6, 6, 9),
(407, 407, 1, 8, 6, 9),
(408, 408, 5, 5, 6, 10),
(409, 409, 7, 7, 6, 10),
(410, 410, 3, 16, 5, 8),
(411, 411, 3, 9, 6, 9),
(412, 412, 7, 16, 5, 8),
(413, 413, 6, 9, 5, 10),
(414, 414, 5, 7, 5, 10),
(415, 415, 4, 1, 5, 9),
(416, 416, 1, 0, 5, 11),
(417, 417, 9, 1, 5, 9),
(418, 418, 5, 2, 5, 11),
(419, 419, 6, 17, 6, 11),
(420, 420, 7, 3, 6, 10),
(421, 421, 5, 5, 6, 11),
(422, 422, 9, 11, 6, 9),
(423, 423, 6, 1, 5, 8),
(424, 424, 2, 6, 5, 9),
(425, 425, 0, 8, 6, 11),
(426, 426, 6, 15, 5, 8),
(427, 427, 8, 3, 5, 10),
(428, 428, 6, 8, 6, 10),
(429, 429, 6, 11, 5, 9),
(430, 430, 6, 11, 6, 11),
(431, 431, 4, 3, 6, 8),
(432, 432, 0, 15, 5, 9),
(433, 433, 5, 7, 5, 11),
(434, 434, 9, 15, 5, 8),
(435, 435, 8, 7, 6, 8),
(436, 436, 0, 17, 6, 10),
(437, 437, 3, 15, 5, 8),
(438, 438, 2, 15, 5, 11),
(439, 439, 0, 8, 5, 11),
(440, 440, 0, 7, 5, 8),
(441, 441, 6, 4, 6, 9),
(442, 442, 3, 3, 6, 10),
(443, 443, 0, 1, 6, 11),
(444, 444, 2, 5, 5, 10),
(445, 445, 3, 3, 6, 11),
(446, 446, 8, 14, 6, 9),
(447, 447, 9, 2, 6, 9),
(448, 448, 4, 3, 6, 9),
(449, 449, 7, 16, 5, 8),
(450, 450, 8, 10, 6, 9),
(451, 451, 1, 5, 5, 8),
(452, 452, 2, 7, 5, 10),
(453, 453, 3, 11, 5, 8),
(454, 454, 1, 7, 6, 8),
(455, 455, 5, 16, 6, 8),
(456, 456, 4, 15, 6, 10),
(457, 457, 5, 1, 6, 8),
(458, 458, 2, 10, 6, 9),
(459, 459, 0, 6, 6, 10),
(460, 460, 5, 14, 5, 10),
(461, 461, 1, 6, 5, 11),
(462, 462, 3, 8, 5, 8),
(463, 463, 0, 17, 5, 11),
(464, 464, 2, 17, 5, 8),
(465, 465, 8, 10, 5, 11),
(466, 466, 7, 0, 5, 11),
(467, 467, 5, 0, 5, 8),
(468, 468, 6, 8, 6, 9),
(469, 469, 2, 5, 6, 11),
(470, 470, 5, 12, 5, 9),
(471, 471, 1, 16, 5, 8),
(472, 472, 4, 15, 6, 10),
(473, 473, 6, 1, 6, 8),
(474, 474, 8, 12, 6, 9),
(475, 475, 2, 15, 5, 11),
(476, 476, 6, 10, 6, 9),
(477, 477, 9, 6, 6, 8),
(478, 478, 1, 14, 6, 10),
(479, 479, 9, 3, 5, 9),
(480, 480, 8, 13, 5, 8),
(481, 481, 5, 17, 5, 8),
(482, 482, 6, 17, 5, 9),
(483, 483, 6, 2, 5, 11),
(484, 484, 5, 11, 6, 11),
(485, 485, 4, 0, 5, 10),
(486, 486, 3, 5, 5, 9),
(487, 487, 9, 17, 5, 10),
(488, 488, 1, 17, 5, 10),
(489, 489, 1, 2, 6, 11),
(490, 490, 8, 17, 5, 11),
(491, 491, 2, 14, 6, 8),
(492, 492, 6, 3, 5, 8),
(493, 493, 1, 15, 6, 10),
(494, 494, 2, 6, 6, 9),
(495, 495, 4, 2, 6, 11),
(496, 496, 9, 17, 6, 10),
(497, 497, 3, 6, 5, 10),
(498, 498, 5, 5, 5, 10),
(499, 499, 8, 15, 6, 11),
(500, 500, 8, 0, 5, 8),
(501, 501, 9, 10, 6, 10);

-- --------------------------------------------------------

--
-- Table structure for table `schueler`
--

CREATE TABLE `schueler` (
  `id` int(11) NOT NULL,
  `benutzer_id` int(11) NOT NULL,
  `fach_id` int(11) NOT NULL,
  `fachlehrer_id` int(11) NOT NULL
) ENGINE=InnoDB DEFAULT CHARSET=utf8mb4 COLLATE=utf8mb4_general_ci;

--
-- Dumping data for table `schueler`
--

INSERT INTO `schueler` (`id`, `benutzer_id`, `fach_id`, `fachlehrer_id`) VALUES
(1, 0, 0, 0),
(2, 51, 6, 1),
(3, 52, 1, 2),
(4, 53, 5, 3),
(5, 54, 2, 4),
(6, 55, 6, 5),
(7, 56, 4, 6),
(8, 57, 3, 7),
(9, 58, 1, 8),
(10, 59, 5, 9),
(11, 60, 1, 10),
(12, 61, 1, 11),
(13, 62, 5, 12),
(14, 63, 3, 13),
(15, 64, 5, 14),
(16, 65, 4, 15),
(17, 66, 6, 16),
(18, 67, 3, 17),
(19, 68, 4, 18),
(20, 69, 6, 19),
(21, 70, 2, 20),
(22, 71, 6, 21),
(23, 72, 5, 22),
(24, 73, 5, 23),
(25, 74, 5, 24),
(26, 75, 2, 25),
(27, 76, 5, 26),
(28, 77, 4, 27),
(29, 78, 4, 28),
(30, 79, 3, 29),
(31, 80, 3, 30),
(32, 81, 2, 31),
(33, 82, 5, 32),
(34, 83, 2, 33),
(35, 84, 6, 34),
(36, 85, 6, 35),
(37, 86, 6, 36),
(38, 87, 2, 37),
(39, 88, 3, 38),
(40, 89, 4, 39),
(41, 90, 2, 40),
(42, 91, 5, 41),
(43, 92, 6, 42),
(44, 93, 5, 43),
(45, 94, 4, 44),
(46, 95, 5, 45),
(47, 96, 3, 46),
(48, 97, 3, 47),
(49, 98, 6, 48),
(50, 99, 5, 49),
(51, 100, 1, 50),
(52, 101, 3, 51),
(53, 102, 5, 52),
(54, 103, 1, 53),
(55, 104, 4, 54),
(56, 105, 1, 55),
(57, 106, 5, 56),
(58, 107, 1, 57),
(59, 108, 4, 58),
(60, 109, 1, 59),
(61, 110, 5, 60),
(62, 111, 6, 61),
(63, 112, 6, 62),
(64, 113, 6, 63),
(65, 114, 4, 64),
(66, 115, 4, 65),
(67, 116, 4, 66),
(68, 117, 5, 67),
(69, 118, 3, 68),
(70, 119, 1, 69),
(71, 120, 3, 70),
(72, 121, 4, 71),
(73, 122, 5, 72),
(74, 123, 2, 73),
(75, 124, 2, 74),
(76, 125, 2, 75),
(77, 126, 4, 76),
(78, 127, 2, 77),
(79, 128, 5, 78),
(80, 129, 6, 79),
(81, 130, 1, 80),
(82, 131, 4, 81),
(83, 132, 4, 82),
(84, 133, 6, 83),
(85, 134, 6, 84),
(86, 135, 1, 85),
(87, 136, 5, 86),
(88, 137, 3, 87),
(89, 138, 6, 88),
(90, 139, 2, 89),
(91, 140, 4, 90),
(92, 141, 1, 91),
(93, 142, 1, 92),
(94, 143, 1, 93),
(95, 144, 4, 94),
(96, 145, 6, 95),
(97, 146, 3, 96),
(98, 147, 1, 97),
(99, 148, 4, 98),
(100, 149, 2, 99),
(101, 150, 6, 100),
(102, 151, 3, 101),
(103, 152, 1, 102),
(104, 153, 3, 103),
(105, 154, 2, 104),
(106, 155, 6, 105),
(107, 156, 5, 106),
(108, 157, 4, 107),
(109, 158, 4, 108),
(110, 159, 6, 109),
(111, 160, 6, 110),
(112, 161, 1, 111),
(113, 162, 3, 112),
(114, 163, 4, 113),
(115, 164, 4, 114),
(116, 165, 6, 115),
(117, 166, 4, 116),
(118, 167, 4, 117),
(119, 168, 4, 118),
(120, 169, 3, 119),
(121, 170, 2, 120),
(122, 171, 1, 121),
(123, 172, 6, 122),
(124, 173, 4, 123),
(125, 174, 4, 124),
(126, 175, 1, 125),
(127, 176, 6, 126),
(128, 177, 1, 127),
(129, 178, 2, 128),
(130, 179, 2, 129),
(131, 180, 2, 130),
(132, 181, 4, 131),
(133, 182, 2, 132),
(134, 183, 5, 133),
(135, 184, 6, 134),
(136, 185, 2, 135),
(137, 186, 2, 136),
(138, 187, 4, 137),
(139, 188, 4, 138),
(140, 189, 1, 139),
(141, 190, 3, 140),
(142, 191, 4, 141),
(143, 192, 6, 142),
(144, 193, 1, 143),
(145, 194, 6, 144),
(146, 195, 5, 145),
(147, 196, 4, 146),
(148, 197, 5, 147),
(149, 198, 1, 148),
(150, 199, 1, 149),
(151, 200, 1, 150),
(152, 201, 2, 151),
(153, 202, 6, 152),
(154, 203, 4, 153),
(155, 204, 2, 154),
(156, 205, 4, 155),
(157, 206, 3, 156),
(158, 207, 4, 157),
(159, 208, 1, 158),
(160, 209, 5, 159),
(161, 210, 5, 160),
(162, 211, 5, 161),
(163, 212, 4, 162),
(164, 213, 1, 163),
(165, 214, 5, 164),
(166, 215, 4, 165),
(167, 216, 3, 166),
(168, 217, 5, 167),
(169, 218, 3, 168),
(170, 219, 3, 169),
(171, 220, 6, 170),
(172, 221, 4, 171),
(173, 222, 5, 172),
(174, 223, 3, 173),
(175, 224, 5, 174),
(176, 225, 5, 175),
(177, 226, 1, 176),
(178, 227, 5, 177),
(179, 228, 3, 178),
(180, 229, 6, 179),
(181, 230, 2, 180),
(182, 231, 4, 181),
(183, 232, 4, 182),
(184, 233, 6, 183),
(185, 234, 3, 184),
(186, 235, 3, 185),
(187, 236, 5, 186),
(188, 237, 6, 187),
(189, 238, 4, 188),
(190, 239, 3, 189),
(191, 240, 5, 190),
(192, 241, 4, 191),
(193, 242, 3, 192),
(194, 243, 6, 193),
(195, 244, 6, 194),
(196, 245, 3, 195),
(197, 246, 4, 196),
(198, 247, 6, 197),
(199, 248, 5, 198),
(200, 249, 4, 199),
(201, 250, 2, 200),
(202, 251, 6, 201),
(203, 252, 3, 202),
(204, 253, 1, 203),
(205, 254, 6, 204),
(206, 255, 6, 205),
(207, 256, 6, 206),
(208, 257, 6, 207),
(209, 258, 2, 208),
(210, 259, 5, 209),
(211, 260, 3, 210),
(212, 261, 2, 211),
(213, 262, 6, 212),
(214, 263, 2, 213),
(215, 264, 6, 214),
(216, 265, 6, 215),
(217, 266, 5, 216),
(218, 267, 2, 217),
(219, 268, 6, 218),
(220, 269, 4, 219),
(221, 270, 4, 220),
(222, 271, 5, 221),
(223, 272, 3, 222),
(224, 273, 1, 223),
(225, 274, 3, 224),
(226, 275, 4, 225),
(227, 276, 5, 226),
(228, 277, 3, 227),
(229, 278, 2, 228),
(230, 279, 2, 229),
(231, 280, 6, 230),
(232, 281, 1, 231),
(233, 282, 3, 232),
(234, 283, 5, 233),
(235, 284, 6, 234),
(236, 285, 3, 235),
(237, 286, 6, 236),
(238, 287, 2, 237),
(239, 288, 5, 238),
(240, 289, 6, 239),
(241, 290, 3, 240),
(242, 291, 5, 241),
(243, 292, 6, 242),
(244, 293, 1, 243),
(245, 294, 4, 244),
(246, 295, 1, 245),
(247, 296, 2, 246),
(248, 297, 1, 247),
(249, 298, 4, 248),
(250, 299, 3, 249),
(251, 300, 5, 250),
(252, 301, 3, 251),
(253, 302, 1, 252),
(254, 303, 4, 253),
(255, 304, 3, 254),
(256, 305, 3, 255),
(257, 306, 1, 256),
(258, 307, 3, 257),
(259, 308, 1, 258),
(260, 309, 6, 259),
(261, 310, 6, 260),
(262, 311, 1, 261),
(263, 312, 1, 262),
(264, 313, 2, 263),
(265, 314, 6, 264),
(266, 315, 1, 265),
(267, 316, 6, 266),
(268, 317, 6, 267),
(269, 318, 3, 268),
(270, 319, 4, 269),
(271, 320, 2, 270),
(272, 321, 2, 271),
(273, 322, 5, 272),
(274, 323, 3, 273),
(275, 324, 5, 274),
(276, 325, 1, 275),
(277, 326, 1, 276),
(278, 327, 5, 277),
(279, 328, 6, 278),
(280, 329, 5, 279),
(281, 330, 3, 280),
(282, 331, 4, 281),
(283, 332, 4, 282),
(284, 333, 1, 283),
(285, 334, 5, 284),
(286, 335, 4, 285),
(287, 336, 5, 286),
(288, 337, 4, 287),
(289, 338, 5, 288),
(290, 339, 6, 289),
(291, 340, 4, 290),
(292, 341, 6, 291),
(293, 342, 6, 292),
(294, 343, 4, 293),
(295, 344, 5, 294),
(296, 345, 4, 295),
(297, 346, 4, 296),
(298, 347, 5, 297),
(299, 348, 2, 298),
(300, 349, 1, 299),
(301, 350, 3, 300),
(302, 351, 5, 1),
(303, 352, 5, 2),
(304, 353, 2, 3),
(305, 354, 6, 4),
(306, 355, 4, 5),
(307, 356, 5, 6),
(308, 357, 4, 7),
(309, 358, 1, 8),
(310, 359, 5, 9),
(311, 360, 4, 10),
(312, 361, 4, 11),
(313, 362, 5, 12),
(314, 363, 4, 13),
(315, 364, 5, 14),
(316, 365, 5, 15),
(317, 366, 3, 16),
(318, 367, 4, 17),
(319, 368, 4, 18),
(320, 369, 4, 19),
(321, 370, 2, 20),
(322, 371, 4, 21),
(323, 372, 6, 22),
(324, 373, 2, 23),
(325, 374, 1, 24),
(326, 375, 4, 25),
(327, 376, 1, 26),
(328, 377, 5, 27),
(329, 378, 1, 28),
(330, 379, 6, 29),
(331, 380, 3, 30),
(332, 381, 1, 31),
(333, 382, 5, 32),
(334, 383, 4, 33),
(335, 384, 1, 34),
(336, 385, 5, 35),
(337, 386, 4, 36),
(338, 387, 1, 37),
(339, 388, 4, 38),
(340, 389, 3, 39),
(341, 390, 1, 40),
(342, 391, 5, 41),
(343, 392, 4, 42),
(344, 393, 3, 43),
(345, 394, 6, 44),
(346, 395, 4, 45),
(347, 396, 3, 46),
(348, 397, 6, 47),
(349, 398, 5, 48),
(350, 399, 4, 49),
(351, 400, 4, 50),
(352, 401, 3, 51),
(353, 402, 2, 52),
(354, 403, 6, 53),
(355, 404, 1, 54),
(356, 405, 5, 55),
(357, 406, 6, 56),
(358, 407, 5, 57),
(359, 408, 6, 58),
(360, 409, 4, 59),
(361, 410, 5, 60),
(362, 411, 1, 61),
(363, 412, 3, 62),
(364, 413, 6, 63),
(365, 414, 3, 64),
(366, 415, 3, 65),
(367, 416, 2, 66),
(368, 417, 4, 67),
(369, 418, 2, 68),
(370, 419, 3, 69),
(371, 420, 6, 70),
(372, 421, 1, 71),
(373, 422, 4, 72),
(374, 423, 3, 73),
(375, 424, 6, 74),
(376, 425, 4, 75),
(377, 426, 3, 76),
(378, 427, 5, 77),
(379, 428, 5, 78),
(380, 429, 1, 79),
(381, 430, 4, 80),
(382, 431, 6, 81),
(383, 432, 1, 82),
(384, 433, 6, 83),
(385, 434, 4, 84),
(386, 435, 3, 85),
(387, 436, 4, 86),
(388, 437, 1, 87),
(389, 438, 6, 88),
(390, 439, 2, 89),
(391, 440, 1, 90),
(392, 441, 6, 91),
(393, 442, 6, 92),
(394, 443, 2, 93),
(395, 444, 1, 94),
(396, 445, 3, 95),
(397, 446, 4, 96),
(398, 447, 5, 97),
(399, 448, 4, 98),
(400, 449, 4, 99),
(401, 450, 4, 100),
(402, 451, 1, 101),
(403, 452, 6, 102),
(404, 453, 1, 103),
(405, 454, 2, 104),
(406, 455, 6, 105),
(407, 456, 4, 106),
(408, 457, 1, 107),
(409, 458, 6, 108),
(410, 459, 4, 109),
(411, 460, 1, 110),
(412, 461, 5, 111),
(413, 462, 1, 112),
(414, 463, 5, 113),
(415, 464, 4, 114),
(416, 465, 5, 115),
(417, 466, 6, 116),
(418, 467, 3, 117),
(419, 468, 6, 118),
(420, 469, 2, 119),
(421, 470, 3, 120),
(422, 471, 1, 121),
(423, 472, 1, 122),
(424, 473, 5, 123),
(425, 474, 6, 124),
(426, 475, 4, 125),
(427, 476, 5, 126),
(428, 477, 5, 127),
(429, 478, 2, 128),
(430, 479, 4, 129),
(431, 480, 3, 130),
(432, 481, 3, 131),
(433, 482, 6, 132),
(434, 483, 3, 133),
(435, 484, 3, 134),
(436, 485, 4, 135),
(437, 486, 1, 136),
(438, 487, 2, 137),
(439, 488, 1, 138),
(440, 489, 4, 139),
(441, 490, 5, 140),
(442, 491, 6, 141),
(443, 492, 4, 142),
(444, 493, 5, 143),
(445, 494, 4, 144),
(446, 495, 5, 145),
(447, 496, 4, 146),
(448, 497, 1, 147),
(449, 498, 5, 148),
(450, 499, 6, 149),
(451, 500, 3, 150),
(452, 501, 4, 151),
(453, 502, 4, 152),
(454, 503, 4, 153),
(455, 504, 5, 154),
(456, 505, 5, 155),
(457, 506, 1, 156),
(458, 507, 5, 157),
(459, 508, 3, 158),
(460, 509, 5, 159),
(461, 510, 3, 160),
(462, 511, 1, 161),
(463, 512, 5, 162),
(464, 513, 2, 163),
(465, 514, 2, 164),
(466, 515, 6, 165),
(467, 516, 3, 166),
(468, 517, 2, 167),
(469, 518, 2, 168),
(470, 519, 2, 169),
(471, 520, 3, 170),
(472, 521, 3, 171),
(473, 522, 6, 172),
(474, 523, 1, 173),
(475, 524, 1, 174),
(476, 525, 2, 175);

--
-- Indexes for dumped tables
--

--
-- Indexes for table `benutzer`
--
ALTER TABLE `benutzer`
  ADD PRIMARY KEY (`id`);

--
-- Indexes for table `fach`
--
ALTER TABLE `fach`
  ADD PRIMARY KEY (`id`),
  ADD UNIQUE KEY `name` (`name`);

--
-- Indexes for table `fachlehrer`
--
ALTER TABLE `fachlehrer`
  ADD PRIMARY KEY (`id`);

--
-- Indexes for table `klasse`
--
ALTER TABLE `klasse`
  ADD PRIMARY KEY (`id`);

--
-- Indexes for table `schueler`
--
ALTER TABLE `schueler`
  ADD PRIMARY KEY (`id`);

--
-- AUTO_INCREMENT for dumped tables
--

--
-- AUTO_INCREMENT for table `benutzer`
--
ALTER TABLE `benutzer`
  MODIFY `id` int(11) NOT NULL AUTO_INCREMENT, AUTO_INCREMENT=1003;

--
-- AUTO_INCREMENT for table `fach`
--
ALTER TABLE `fach`
  MODIFY `id` int(11) NOT NULL AUTO_INCREMENT, AUTO_INCREMENT=25;

--
-- AUTO_INCREMENT for table `fachlehrer`
--
ALTER TABLE `fachlehrer`
  MODIFY `id` int(11) NOT NULL AUTO_INCREMENT, AUTO_INCREMENT=301;

--
-- AUTO_INCREMENT for table `klasse`
--
ALTER TABLE `klasse`
  MODIFY `id` int(11) NOT NULL AUTO_INCREMENT, AUTO_INCREMENT=23;

--
-- AUTO_INCREMENT for table `schueler`
--
ALTER TABLE `schueler`
  MODIFY `id` int(11) NOT NULL AUTO_INCREMENT, AUTO_INCREMENT=952;
COMMIT;

/*!40101 SET CHARACTER_SET_CLIENT=@OLD_CHARACTER_SET_CLIENT */;
/*!40101 SET CHARACTER_SET_RESULTS=@OLD_CHARACTER_SET_RESULTS */;
/*!40101 SET COLLATION_CONNECTION=@OLD_COLLATION_CONNECTION */;
